Country,Country Code,Social Progress Index,Basic Human Needs,Foundations of Wellbeing,Opportunity,Nutrition and Basic Medical Care,Water and Sanitation,Shelter,Personal Safety,Access to Basic Knowledge,Access to Information and Communications,Health and Wellness,Environmental Quality,Personal Rights,Personal Freedom and Choice,Tolerance and Inclusion,Access to Advanced Education,Undernourishment,Depth of food deficit,Maternal mortality rate,Child mortality rate,Deaths from infectious diseases,Access to piped water,Rural access to improved water source,Access to improved sanitation facilities,Availability of affordable housing,Access to electricity,Quality of electricity supply,Household air pollution attributable deaths,Homicide rate,Level of violent crime,Perceived criminality,Political terror,Traffic deaths,Adult literacy rate,Primary school enrollment,Secondary school enrollment,Gender parity in secondary enrollment,Mobile telephone subscriptions,Internet users,Press Freedom Index,Life expectancy at 60,Premature deaths from non-communicable diseases,Suicide rate,Outdoor air pollution attributable deaths,Wastewater treatment,Biodiversity and habitat,Greenhouse gas emissions,Political rights,Freedom of expression,Freedom of assembly,Private property rights,Freedom over life choices,Freedom of religion,Early marriage,Satisfied demand for contraception,Corruption,Tolerance for immigrants,Tolerance for homosexuals,Discrimination and violence against minorities,Religious tolerance,Community safety net,Years of tertiary schooling,Women's average years in school,Inequality in the attainment of education,Globally ranked universities,Percentage of tertiary students enrolled in globally ranked universities,Depth of food deficit - capped,Adult literacy rate - capped,Secondary school enrollment - capped,Gender parity in secondary enrollment - difference from parity,Mobile telephone subscriptions - capped,Greenhouse gas emissions - capped,Globally ranked universities - bucketed,Percentage of tertiary students enrolled in globally ranked universities - bucketed
Afghanistan,AFG,35.66,42.65,38.00,26.34,72.74,29.33,22.92,45.63,53.37,47.61,29.37,21.64,37.40,38.97,22.25,6.73,26.80,173.00,396.14,91.10,183.61,12.17,46.98,31.85,0.41,43.00,,251.92,6.60,5.00,5.00,4.50,15.50,38.17,85.13,55.64,0.56,61.58,8.26,37.75,15.98,1442.50,10.21,232.48,0.00,21.25,544.79,10.00,6.00,0.60,,0.45,2.00,0.17,44.90,15.00,0.41,0.08,8.60,1.00,0.55,0.28,0.98,0.45,0.00,0.00,173.00,38.17,55.64,0.44,61.58,544.79,0.00,0.00
Albania,ALB,70.97,85.53,78.35,49.04,98.17,90.69,80.45,72.82,95.99,78.81,74.99,63.62,60.53,54.87,48.60,32.16,5.00,8.00,28.60,14.00,17.16,81.97,95.23,93.23,0.69,100.00,4.45,21.76,4.00,3.00,3.00,2.00,15.10,97.55,98.96,95.77,0.94,106.38,63.25,29.92,21.58,340.60,5.26,42.89,5.14,54.12,257.69,28.00,13.00,0.56,35.00,0.72,4.00,0.07,26.90,39.00,0.53,0.11,4.70,4.00,0.62,0.07,12.26,0.12,0.00,0.00,8.00,97.55,95.77,0.06,100.00,257.69,0.00,0.00
Algeria,DZA,65.41,78.15,77.09,40.98,95.01,81.23,70.58,65.77,93.31,67.65,77.81,69.59,36.21,60.11,38.58,29.00,5.00,20.00,139.62,25.50,45.23,77.01,81.80,87.60,0.17,100.00,4.04,0.37,1.50,2.00,4.00,3.00,23.80,79.61,98.82,99.86,1.04,106.38,38.20,41.69,21.83,307.40,2.75,46.33,45.09,61.62,380.96,11.00,7.00,,25.00,0.56,2.00,0.02,74.90,34.00,0.49,0.21,7.90,2.00,0.74,0.46,7.74,,1.00,0.03,20.00,79.61,99.86,0.04,100.00,380.96,1.00,1.00
Angola,AGO,40.73,44.37,48.76,29.05,69.33,27.63,28.49,52.04,60.59,47.64,46.10,40.70,28.28,27.26,46.70,13.96,14.20,90.00,476.98,156.90,423.44,14.84,28.17,51.59,0.19,37.00,1.71,173.25,9.80,3.00,5.00,3.50,26.90,71.16,87.86,28.90,0.65,60.84,12.40,39.89,15.75,741.10,16.99,109.31,0.00,53.54,995.89,10.00,5.00,,15.00,0.34,3.00,0.36,31.60,18.00,0.56,0.13,7.70,4.00,0.75,,5.31,0.35,0.00,0.00,90.00,71.16,28.90,0.35,60.84,995.89,0.00,0.00
Argentina,ARG,75.90,81.71,79.41,66.58,97.34,98.32,67.25,63.92,97.23,82.29,70.57,67.54,67.51,67.52,72.42,58.88,5.00,2.00,52.39,12.50,72.74,98.24,99.95,96.36,0.30,99.80,2.70,1.62,7.60,3.00,4.00,3.00,13.60,98.09,99.80,106.78,1.07,146.70,69.40,25.09,21.47,365.90,11.48,34.29,7.67,69.72,,33.00,14.00,0.78,15.00,0.82,3.00,0.13,83.80,36.00,0.74,0.61,4.70,4.00,0.87,0.30,13.00,0.08,20.00,0.23,8.00,98.09,100.00,0.07,100.00,,6.00,4.00
Armenia,ARM,69.01,85.83,76.49,44.70,96.85,96.42,77.71,72.32,95.69,77.91,66.12,66.26,43.06,49.32,39.84,46.58,5.80,41.00,25.33,14.10,19.51,99.33,100.00,89.50,0.38,100.00,4.78,4.50,2.00,2.00,3.00,3.00,18.30,99.77,96.42,88.50,1.01,115.89,58.25,28.79,19.61,481.90,7.28,62.05,11.49,87.43,393.71,16.00,9.00,,20.00,0.55,2.00,0.08,42.70,33.00,0.53,0.02,5.60,2.00,0.69,0.88,13.10,0.04,0.00,0.00,41.00,99.00,88.50,0.01,100.00,393.71,0.00,0.00
Australia,AUS,89.30,94.44,88.82,84.65,99.43,100.00,87.10,91.23,97.99,89.09,83.40,84.82,93.41,87.19,77.19,80.80,5.00,8.00,5.95,3.80,12.81,,100.00,100.00,0.49,100.00,6.36,0.00,1.00,1.00,2.00,1.50,5.40,,99.92,137.56,0.95,132.80,84.56,17.84,25.47,199.00,10.24,8.92,95.00,87.18,670.74,40.00,16.00,0.87,90.00,0.92,4.00,0.01,82.30,79.00,0.84,0.73,4.10,3.00,0.94,1.05,14.54,0.02,61.00,0.57,8.00,,100.00,0.05,100.00,670.74,9.00,5.00
Austria,AUT,87.98,95.72,89.56,78.64,99.53,100.00,90.15,93.22,98.00,90.70,78.77,90.78,93.93,84.41,73.76,62.47,5.00,8.00,3.80,3.50,8.89,100.00,100.00,100.00,0.58,100.00,6.61,0.00,0.50,1.00,2.00,1.00,5.40,,,100.02,0.95,157.41,83.93,13.18,24.15,232.60,12.52,22.91,94.31,93.33,211.83,37.00,16.00,0.93,90.00,0.88,3.00,0.00,83.10,75.00,0.74,0.68,4.00,3.00,0.93,0.56,13.29,0.03,13.00,0.29,8.00,,100.00,0.05,100.00,211.83,5.00,4.00
Azerbaijan,AZE,65.33,82.66,73.83,39.50,96.18,76.97,82.40,75.10,98.42,71.83,65.66,59.42,18.40,48.17,39.90,51.53,5.00,12.00,25.07,31.70,41.82,66.19,77.75,89.35,0.61,100.00,5.11,17.06,2.50,2.00,3.00,3.00,10.00,99.81,98.84,,,111.28,77.00,57.89,18.72,503.20,4.11,81.23,9.73,75.83,469.46,4.00,2.00,,20.00,0.65,1.00,0.08,34.10,30.00,0.53,0.03,6.70,2.00,0.76,,13.16,0.08,3.00,0.12,12.00,99.00,,,100.00,469.46,2.00,3.00
Bangladesh,BGD,54.84,67.40,60.41,36.72,86.34,57.26,55.94,70.05,77.14,53.30,62.69,48.52,37.53,49.98,41.59,17.78,16.40,116.00,176.14,37.60,95.13,11.78,87.03,60.56,0.78,59.60,3.21,133.32,2.80,2.00,3.00,4.00,13.60,61.49,96.26,63.52,1.13,81.90,14.40,45.94,18.97,515.10,9.62,133.18,0.00,63.77,376.07,20.00,7.00,0.37,20.00,0.82,3.00,0.46,74.10,26.00,0.72,0.36,8.90,2.00,0.65,0.16,5.09,0.39,1.00,0.01,116.00,61.49,63.52,0.13,81.90,376.07,1.00,1.00
Belarus,BLR,67.80,87.20,67.37,48.84,99.29,95.42,78.74,75.36,99.50,69.25,45.11,55.61,23.49,61.58,48.00,62.29,5.00,8.00,4.26,4.60,19.60,91.48,99.06,94.32,0.35,100.00,,1.79,3.60,2.00,3.00,2.50,13.70,99.72,99.95,107.12,0.99,123.64,62.23,54.32,18.82,684.30,31.71,81.80,7.18,73.06,646.02,5.00,3.00,0.36,20.00,0.60,2.00,0.04,72.40,40.00,0.39,0.09,7.10,4.00,0.89,,14.86,0.04,3.00,0.11,8.00,99.00,100.00,0.01,100.00,646.02,2.00,3.00
Belgium,BEL,87.15,93.27,87.84,80.34,99.19,99.83,90.18,83.87,95.03,90.62,75.67,90.03,89.44,84.79,75.17,71.94,5.00,8.00,6.97,4.10,28.91,100.00,100.00,99.48,0.68,100.00,6.21,0.00,1.80,2.00,3.00,1.00,6.70,,99.83,164.81,1.13,115.69,85.05,14.18,24.06,252.20,16.77,24.76,89.78,100.00,277.78,40.00,15.00,0.86,80.00,0.86,3.00,0.01,86.00,77.00,0.71,0.85,4.40,3.00,0.93,1.17,14.51,0.08,16.00,0.38,8.00,,100.00,0.13,100.00,277.78,6.00,4.00
Benin,BEN,51.69,52.79,57.15,45.13,78.90,38.70,30.52,63.02,63.85,59.05,52.81,52.88,71.33,48.78,52.88,7.53,7.50,48.00,404.94,99.50,414.44,17.72,72.15,19.72,0.36,38.40,1.69,188.36,6.30,3.00,4.00,2.00,27.70,38.45,96.20,56.81,0.70,85.64,6.79,28.97,15.66,563.20,14.14,96.11,0.01,77.29,650.83,33.00,15.00,,30.00,0.74,4.00,0.22,25.30,36.00,0.78,0.10,3.60,4.00,0.49,0.15,2.73,0.45,0.00,0.00,48.00,38.45,56.81,0.30,85.64,650.83,0.00,0.00
Bolivia,BOL,66.93,74.42,73.36,53.00,86.16,68.29,75.52,67.71,91.22,70.51,70.96,60.73,57.11,60.94,60.45,33.52,15.90,104.00,206.21,38.40,117.99,84.41,75.59,50.33,0.47,90.50,5.00,29.40,12.40,3.00,3.00,2.00,23.20,95.14,90.15,86.41,0.98,92.18,45.10,31.78,21.35,319.40,12.89,54.38,3.51,90.06,776.16,29.00,14.00,0.56,10.00,0.87,4.00,0.15,52.80,33.00,0.68,0.40,6.20,4.00,0.79,0.82,9.86,0.25,0.00,0.00,104.00,95.14,86.41,0.02,92.18,776.16,0.00,0.00
Botswana,BWA,64.44,70.62,66.78,55.92,75.60,77.62,53.89,75.37,87.89,71.95,43.32,63.99,69.06,76.44,57.49,20.68,24.10,177.00,128.95,43.60,638.95,74.39,92.27,63.43,0.52,53.24,3.30,93.16,14.80,3.00,2.00,1.00,23.60,88.22,92.02,81.37,1.06,169.00,27.50,22.91,17.22,733.90,27.11,66.74,0.95,93.75,456.98,28.00,12.00,0.63,70.00,0.84,4.00,0.05,74.90,60.00,0.66,0.20,5.10,4.00,0.76,0.15,8.71,0.32,0.00,0.00,177.00,88.22,81.37,0.06,100.00,456.98,0.00,0.00
Brazil,BRA,73.97,76.49,79.55,65.86,97.07,86.62,73.90,48.38,94.11,76.67,73.57,73.87,71.64,73.23,68.34,50.21,5.00,10.00,43.67,16.40,69.62,93.70,86.96,82.78,0.38,99.50,4.10,10.36,24.60,4.00,4.00,4.00,23.40,92.59,96.67,101.95,1.08,126.59,59.08,32.62,21.67,369.20,6.56,30.95,17.56,92.62,355.86,31.00,15.00,0.69,45.00,0.80,4.00,0.04,86.80,40.00,0.70,0.70,5.70,3.00,0.91,0.38,9.60,0.24,34.00,0.11,10.00,92.59,100.00,0.08,100.00,355.86,8.00,3.00
Bulgaria,BGR,74.42,88.18,76.54,58.52,98.70,94.74,83.42,75.86,96.27,75.33,62.82,71.76,68.17,58.77,49.34,57.81,5.00,8.00,10.85,10.40,18.71,99.08,98.98,85.98,0.74,100.00,4.62,10.47,1.60,3.00,3.00,2.00,8.30,98.39,95.14,99.02,0.97,129.27,56.66,34.46,19.55,521.40,10.93,69.71,60.81,88.98,531.55,33.00,14.00,0.70,30.00,0.66,2.00,0.09,61.00,41.00,0.26,0.22,5.30,3.00,0.92,0.85,13.62,0.06,2.00,0.15,8.00,98.39,99.02,0.03,100.00,531.55,2.00,3.00
Burkina Faso,BFA,49.75,49.69,56.36,43.19,71.48,37.80,28.49,60.98,54.85,60.92,55.59,54.07,63.04,47.43,55.64,6.65,20.70,167.00,370.62,88.60,500.99,7.99,75.83,19.73,0.41,13.10,1.69,158.67,0.70,4.00,3.00,3.00,30.00,37.75,69.76,33.67,0.92,80.64,11.39,22.66,15.39,484.20,12.51,86.23,0.00,88.05,814.89,23.00,14.00,0.70,30.00,0.62,4.00,0.32,42.20,42.00,0.78,0.09,4.70,3.00,0.76,,1.86,0.39,0.00,0.00,167.00,37.75,33.67,0.08,80.64,814.89,0.00,0.00
Cambodia,KHM,54.54,61.47,62.70,39.44,87.73,45.64,52.16,60.36,73.56,62.91,56.57,57.76,37.61,61.83,41.19,17.13,14.20,97.00,160.54,28.70,169.27,21.43,69.14,42.43,0.78,31.10,3.32,109.19,1.80,4.00,4.00,3.00,17.40,78.35,88.86,45.05,0.85,133.00,19.00,40.70,17.31,532.00,14.36,81.74,0.00,88.15,623.15,11.00,8.00,0.43,25.00,0.95,3.00,0.11,58.80,21.00,0.17,0.27,7.10,4.00,0.75,0.10,5.69,0.28,0.00,0.00,97.00,78.35,45.05,0.15,100.00,623.15,0.00,0.00
Cameroon,CMR,47.83,51.72,55.84,35.91,74.93,37.77,39.50,54.68,78.44,53.49,54.45,36.99,38.25,46.47,41.72,17.22,9.90,63.00,596.44,87.90,534.11,16.75,52.71,45.80,0.36,53.70,2.13,154.55,2.70,4.00,4.00,3.50,27.60,74.99,95.55,58.08,0.86,71.85,20.68,40.53,16.48,543.40,14.89,123.08,0.00,77.33,1404.66,9.00,7.00,0.53,25.00,0.69,4.00,0.26,38.70,26.00,0.63,0.05,8.50,4.00,0.66,0.12,7.17,0.35,0.00,0.00,63.00,74.99,58.08,0.14,71.85,1404.66,0.00,0.00
Canada,CAN,89.84,94.88,86.64,88.00,99.26,99.42,88.12,92.74,99.68,85.11,81.60,80.17,94.32,88.47,81.87,87.34,5.00,8.00,7.00,4.90,17.42,,99.00,99.82,0.50,100.00,6.54,0.00,1.50,1.00,2.00,1.00,6.00,,99.46,109.93,1.00,82.98,88.47,15.26,25.03,223.80,10.74,11.85,69.81,74.50,494.63,40.00,16.00,0.89,90.00,0.91,4.00,0.03,88.30,82.00,0.88,0.87,3.60,3.00,0.92,1.64,15.65,0.04,45.00,,8.00,,100.00,0.00,82.98,494.63,8.00,5.00
Central African Republic,CAF,28.38,27.82,35.41,21.90,41.62,26.67,6.96,36.05,37.03,35.61,37.16,31.83,20.55,35.90,18.75,12.39,47.70,380.00,882.07,130.10,897.23,1.61,54.35,21.79,0.21,10.80,,296.50,13.20,5.00,5.00,5.00,32.40,36.75,70.84,17.38,0.51,25.87,4.56,33.60,16.06,966.50,21.97,163.49,0.00,90.87,11031.69,4.00,4.00,,10.00,0.60,4.00,0.42,37.80,20.00,0.58,0.05,9.30,2.00,0.29,0.06,4.27,0.35,0.00,0.00,380.00,36.75,17.38,0.49,25.87,1500.00,0.00,0.00
Chad,TCD,35.69,36.72,44.62,25.72,52.61,20.34,22.68,51.26,40.63,37.50,56.30,44.07,27.81,27.83,42.08,5.15,34.40,261.00,856.25,138.70,595.06,6.42,44.75,12.08,0.36,6.40,1.85,197.90,9.20,4.00,5.00,3.00,24.10,40.02,79.12,22.40,0.46,40.17,2.70,40.59,15.82,517.60,10.82,109.98,0.00,80.62,1122.71,4.00,6.00,,20.00,0.51,4.00,0.45,19.40,20.00,0.69,0.07,8.50,4.00,0.61,,1.63,0.42,0.00,0.00,261.00,40.02,22.40,0.54,40.17,1122.71,0.00,0.00
Chile,CHL,82.54,88.62,85.95,73.04,98.14,96.27,82.40,77.67,97.64,83.16,79.37,83.65,89.66,73.54,72.76,56.19,5.00,20.00,22.11,8.10,38.01,99.00,93.28,99.05,0.37,99.60,5.90,1.91,3.60,2.00,3.00,2.00,12.40,96.63,97.21,100.65,1.01,129.47,64.29,19.23,24.42,242.90,11.76,28.15,84.50,75.15,274.00,37.00,16.00,0.83,85.00,0.64,4.00,0.06,81.20,66.00,0.70,0.62,3.80,4.00,0.84,0.54,13.29,0.13,14.00,0.18,20.00,96.63,100.00,0.01,100.00,274.00,5.00,3.00
China,CHN,63.72,79.98,68.67,42.53,94.94,81.80,79.15,64.01,95.48,53.18,68.03,58.00,15.21,71.09,37.76,46.05,9.30,74.00,26.69,10.70,26.14,73.07,92.97,76.47,0.56,100.00,5.25,44.69,0.80,2.00,4.00,4.00,18.80,96.36,,94.30,1.03,92.18,50.30,80.96,19.73,392.60,9.04,84.29,27.93,77.45,755.44,1.00,3.00,0.18,20.00,0.76,1.00,0.02,94.50,40.00,0.40,0.14,8.10,3.00,0.73,0.18,9.82,,96.00,0.05,74.00,96.36,94.30,0.03,92.18,755.44,9.00,1.00
Colombia,COL,71.72,75.59,79.06,60.51,94.42,78.34,77.95,51.66,93.62,71.45,78.05,73.11,65.62,67.03,58.03,51.35,8.80,62.00,64.33,15.90,36.57,87.85,73.82,81.10,0.47,97.00,4.81,12.90,27.90,4.00,4.00,3.50,16.80,94.58,94.99,98.09,1.07,115.74,55.90,44.11,21.72,228.50,6.19,31.71,12.24,87.99,277.54,29.00,12.00,0.65,50.00,0.82,4.00,0.17,82.80,37.00,0.66,0.44,7.00,3.00,0.88,0.90,10.81,0.21,12.00,0.10,62.00,94.58,98.09,0.07,100.00,277.54,5.00,2.00
"Congo, Republic of",COG,48.24,45.58,62.66,36.49,71.06,24.06,34.19,52.99,77.95,61.72,53.98,56.98,28.29,48.44,45.66,23.57,30.50,206.00,442.00,45.00,443.37,24.77,40.04,15.01,0.33,41.60,,169.56,10.50,4.00,4.00,3.50,26.40,79.31,92.85,54.54,0.87,111.66,7.62,35.84,17.91,676.60,13.21,123.26,0.18,93.26,314.38,5.00,7.00,,10.00,0.76,4.00,0.20,36.20,20.00,0.67,0.07,6.90,4.00,0.61,0.06,8.85,0.22,0.00,0.00,206.00,79.31,54.54,0.13,100.00,314.38,0.00,0.00
Costa Rica,CRI,81.03,87.75,84.82,70.54,97.65,93.75,84.18,75.41,97.10,85.04,82.51,74.61,83.06,77.20,69.86,52.02,5.00,35.00,25.15,9.70,22.25,97.49,91.89,94.52,0.52,99.50,5.64,2.60,10.00,2.00,3.00,2.00,13.90,97.65,97.62,123.09,1.04,150.66,59.76,11.10,24.16,200.50,7.56,23.96,3.89,90.52,198.92,38.00,16.00,0.85,50.00,0.86,4.00,0.13,89.90,58.00,0.67,0.49,4.40,4.00,0.90,0.77,10.92,0.16,3.00,0.22,35.00,97.65,100.00,0.04,100.00,198.92,2.00,4.00
Côte d'Ivoire,CIV,50.65,54.43,58.09,39.45,71.68,44.75,45.92,55.38,55.27,67.45,49.53,60.10,53.93,49.71,44.80,9.35,13.30,93.00,644.99,92.60,553.35,42.53,68.79,22.49,0.44,55.80,3.58,174.09,11.40,4.00,4.00,3.00,24.20,43.27,79.25,43.87,0.72,119.31,21.00,30.17,14.41,547.30,16.88,81.07,0.55,90.88,519.87,20.00,11.00,0.61,30.00,0.75,4.00,0.25,34.80,34.00,0.76,0.09,8.30,4.00,0.61,0.17,3.87,0.45,0.00,0.00,93.00,43.27,43.87,0.28,100.00,519.87,0.00,0.00
Croatia,HRV,78.04,91.80,82.26,60.06,99.37,98.77,85.82,83.26,97.83,81.32,69.73,80.13,73.88,64.95,45.36,56.05,5.00,8.00,8.48,4.30,11.29,99.64,99.66,96.98,0.60,100.00,5.77,9.26,0.80,2.00,3.00,1.00,9.20,99.27,98.73,99.00,1.04,103.77,69.80,27.91,21.45,355.10,13.52,43.20,50.23,98.96,272.50,37.00,14.00,0.78,35.00,0.64,4.00,0.02,59.30,49.00,0.34,0.30,6.00,3.00,0.75,0.72,12.57,0.04,1.00,0.41,8.00,99.00,99.00,0.04,100.00,272.50,1.00,4.00
Cyprus,CYP,81.15,90.63,84.31,68.52,99.51,100.00,81.85,81.15,99.05,83.88,81.28,73.02,84.95,71.04,52.96,65.12,5.00,8.00,6.93,2.70,13.43,100.00,100.00,100.00,0.46,100.00,5.27,0.00,0.10,2.00,3.00,2.00,5.20,99.06,98.60,99.78,0.99,95.40,71.72,18.26,22.46,220.80,3.18,21.42,14.90,78.23,291.93,38.00,15.00,,70.00,0.73,3.00,0.02,,55.00,0.61,0.35,6.50,3.00,0.78,1.32,14.64,0.13,2.00,0.27,8.00,99.00,99.78,0.01,95.40,291.93,2.00,4.00
Czech Republic,CZE,84.22,95.50,85.00,72.15,99.39,99.71,89.98,92.92,98.79,88.67,72.24,80.30,86.91,76.50,57.86,67.33,5.00,8.00,4.42,3.40,20.66,100.00,100.00,99.11,0.64,100.00,6.39,1.81,0.70,1.00,2.00,1.00,6.10,,,105.13,1.00,123.16,81.30,16.66,21.95,329.10,12.01,42.35,63.01,100.00,426.99,38.00,15.00,0.85,75.00,0.80,3.00,0.00,82.80,55.00,0.36,0.49,5.00,3.00,0.92,0.54,14.47,0.01,13.00,0.57,8.00,,100.00,0.00,100.00,426.99,5.00,5.00
Denmark,DNK,90.57,96.79,90.86,84.06,99.28,99.87,94.27,93.75,98.49,95.64,77.91,91.39,97.89,89.83,78.29,70.24,5.00,8.00,6.50,3.50,27.09,100.00,100.00,99.60,0.76,100.00,6.75,0.00,1.00,1.00,2.00,1.00,3.50,,99.54,129.87,1.04,128.34,96.33,8.89,23.26,248.00,10.35,21.37,91.60,97.60,213.35,40.00,16.00,0.97,95.00,0.95,3.00,0.00,80.40,90.00,0.80,0.86,4.60,3.00,0.95,0.95,15.13,0.03,13.00,0.44,8.00,,100.00,0.04,100.00,213.35,5.00,4.00
Dominican Republic,DOM,68.42,73.49,77.23,54.54,90.54,78.79,68.87,55.75,85.07,71.03,75.39,77.43,62.20,63.27,62.49,30.20,12.30,86.00,92.08,30.90,65.90,72.13,81.90,83.99,0.52,98.00,2.38,10.22,17.40,3.00,4.00,3.00,29.30,92.47,88.75,77.82,1.10,82.59,54.22,27.90,22.03,326.40,6.75,43.31,40.42,93.54,265.76,27.00,14.00,0.65,25.00,0.86,4.00,0.27,83.60,31.00,0.66,0.35,6.00,4.00,0.89,0.36,11.12,0.23,0.00,0.00,86.00,92.47,77.82,0.10,82.59,265.76,0.00,0.00
Ecuador,ECU,69.97,79.15,77.99,52.77,92.59,79.60,79.22,65.18,97.11,66.61,77.23,71.01,49.27,63.88,60.45,37.51,10.90,70.00,63.78,21.60,73.06,85.31,75.52,84.69,0.52,97.20,4.66,4.12,8.20,3.00,4.00,2.00,20.10,94.52,99.05,107.22,1.04,79.77,48.94,33.21,22.71,282.20,7.99,25.99,0.00,88.91,346.76,24.00,11.00,0.51,15.00,0.84,4.00,0.22,81.90,31.00,0.71,0.45,7.50,4.00,0.84,0.38,11.24,0.21,2.00,0.05,70.00,94.52,100.00,0.04,79.77,346.76,2.00,1.00
Egypt,EGY,63.76,82.30,68.94,40.05,96.72,97.64,70.30,64.54,91.15,62.69,62.94,58.99,28.14,57.84,35.10,39.11,5.00,12.00,33.04,24.00,46.47,99.34,98.99,94.72,0.28,100.00,3.45,0.04,3.20,3.50,3.00,4.00,12.80,75.84,99.59,86.10,0.99,110.99,37.82,54.45,17.42,527.00,3.51,113.52,28.35,72.75,334.09,9.00,5.00,0.35,20.00,0.63,1.00,0.14,80.30,34.00,0.45,,9.00,2.00,0.81,0.41,9.06,0.41,10.00,0.38,12.00,75.84,86.10,0.01,100.00,334.09,4.00,4.00
El Salvador,SLV,66.43,71.92,76.36,51.00,92.29,79.68,78.37,37.36,92.51,70.16,75.43,67.35,64.26,65.06,51.77,22.91,12.40,85.00,54.08,16.80,66.48,78.11,86.54,74.99,0.53,93.70,4.88,15.21,64.20,5.00,5.00,2.00,21.10,87.65,98.34,81.12,1.01,145.26,26.92,27.20,21.89,260.40,9.77,43.82,1.04,76.43,249.88,34.00,12.00,0.62,35.00,0.78,4.00,0.17,80.20,36.00,0.43,0.30,6.20,4.00,0.78,0.21,9.21,0.30,0.00,0.00,85.00,87.65,81.12,0.01,100.00,249.88,0.00,0.00
Estonia,EST,82.96,91.97,85.19,71.71,99.46,97.76,87.24,83.41,97.40,91.46,70.52,81.40,91.92,78.59,50.25,66.08,5.00,8.00,9.32,2.90,13.09,96.84,98.96,97.23,0.67,100.00,5.74,7.70,3.10,2.00,3.00,1.00,7.00,99.82,94.94,115.18,0.99,148.69,88.41,14.31,21.98,347.90,14.18,25.85,71.86,100.00,625.43,38.00,16.00,0.85,90.00,0.80,4.00,0.05,76.60,70.00,0.27,0.26,6.80,4.00,0.92,1.10,14.47,0.02,3.00,0.41,8.00,99.00,100.00,0.01,100.00,625.43,2.00,4.00
Ethiopia,ETH,45.29,52.19,54.26,29.42,70.56,28.86,42.95,66.38,65.75,39.06,60.04,52.18,20.12,53.14,36.49,7.94,32.00,236.00,352.70,59.20,351.57,12.11,48.64,28.02,0.51,26.56,3.36,138.61,8.00,2.00,3.00,3.50,25.30,49.03,86.91,37.70,0.90,42.76,11.60,45.13,17.76,474.10,12.69,70.84,0.00,83.52,1037.29,4.00,2.00,0.26,30.00,0.69,3.00,0.23,58.50,34.00,0.51,0.02,8.60,3.00,0.72,,3.75,0.44,0.00,0.00,236.00,49.03,37.70,0.10,42.76,1037.29,0.00,0.00
Finland,FIN,90.53,96.16,89.52,85.90,99.65,99.24,92.64,93.13,96.46,94.77,77.08,89.77,95.77,91.69,84.04,72.12,5.00,8.00,2.61,2.30,9.43,100.00,100.00,97.65,0.71,100.00,6.61,0.00,1.60,1.00,2.00,1.00,4.80,,99.82,149.46,1.09,135.45,92.65,8.59,24.06,224.20,15.71,13.95,83.72,96.93,297.80,40.00,16.00,0.94,90.00,0.94,4.00,0.01,86.90,89.00,0.73,0.75,2.00,4.00,0.95,0.95,15.05,0.02,18.00,0.34,8.00,,100.00,0.09,100.00,297.80,6.00,4.00
France,FRA,85.92,92.49,89.16,76.10,99.27,99.56,88.40,82.74,99.59,86.85,79.06,91.14,86.03,81.50,61.16,75.72,5.00,8.00,8.47,4.30,19.74,100.00,100.00,98.65,0.47,100.00,6.73,0.00,1.20,2.00,3.00,1.50,5.10,,99.93,110.64,1.01,102.61,84.69,23.83,25.69,241.50,16.48,14.80,79.56,99.52,186.89,38.00,14.00,0.83,80.00,0.79,3.00,0.01,90.50,69.00,0.70,0.72,7.00,2.00,0.88,0.88,14.04,0.08,75.00,0.52,8.00,,100.00,0.01,100.00,186.89,9.00,5.00
Georgia,GEO,70.80,87.14,74.06,51.21,95.96,90.26,79.48,82.87,99.26,75.38,62.85,58.74,64.85,57.87,26.30,55.80,7.40,55.00,36.06,11.90,21.34,80.45,100.00,86.26,0.64,100.00,4.92,43.24,2.70,2.00,2.00,2.00,11.80,99.76,98.58,103.68,1.00,128.95,47.57,27.96,19.40,568.70,7.82,67.57,0.00,70.31,472.99,27.00,11.00,0.77,40.00,0.55,3.00,0.14,55.10,57.00,0.43,0.05,8.10,2.00,0.53,,14.57,0.03,1.00,0.17,55.00,99.00,100.00,0.00,100.00,472.99,1.00,3.00
Germany,DEU,88.50,94.46,89.78,81.26,99.36,99.75,89.03,89.71,97.85,91.06,78.62,91.60,92.75,84.83,73.64,73.84,5.00,8.00,6.18,3.70,19.12,100.00,100.00,99.22,0.57,100.00,6.44,0.00,0.90,2.00,2.00,1.00,4.30,,99.80,102.67,0.94,116.71,87.59,14.80,23.69,249.30,10.42,22.88,95.30,100.00,256.79,39.00,15.00,0.91,90.00,0.86,3.00,0.00,80.60,81.00,0.78,0.77,4.80,3.00,0.90,0.76,14.24,0.02,91.00,0.43,8.00,,100.00,0.06,100.00,256.79,9.00,4.00
Ghana,GHA,61.44,60.46,69.92,53.95,86.15,43.02,43.12,69.54,86.71,72.76,57.55,62.66,80.10,60.17,52.02,23.51,5.00,19.00,319.48,61.60,326.20,18.88,84.05,14.87,0.41,64.06,2.21,155.14,1.70,3.00,3.00,2.00,26.20,76.58,99.69,71.04,0.95,129.74,23.48,17.95,15.90,501.80,9.68,74.83,1.19,80.79,293.80,37.00,14.00,0.87,50.00,0.74,4.00,0.09,44.00,43.00,0.65,0.07,4.60,4.00,0.64,0.12,7.12,0.37,1.00,0.09,19.00,76.58,71.04,0.05,100.00,293.80,1.00,2.00
Greece,GRC,78.92,89.87,85.77,61.13,99.39,99.67,82.48,77.92,95.58,79.60,82.68,85.20,72.63,56.68,47.58,67.65,5.00,8.00,3.20,4.60,13.17,100.00,100.00,98.98,0.50,100.00,5.26,0.00,0.10,2.00,3.00,2.50,9.10,95.29,96.79,106.50,0.94,112.95,66.84,30.35,23.96,264.80,3.15,27.41,77.62,94.82,359.69,35.00,14.00,0.74,40.00,0.46,3.00,0.04,59.30,44.00,0.43,0.28,5.10,2.00,0.80,1.28,13.88,0.12,10.00,0.28,8.00,95.29,100.00,0.06,100.00,359.69,4.00,4.00
Guatemala,GTM,62.62,71.70,72.12,44.05,88.53,77.98,75.12,45.17,80.61,66.08,74.01,67.79,54.54,59.56,47.72,14.39,15.60,101.00,87.87,29.10,129.40,84.63,86.82,63.85,0.53,78.50,5.67,47.15,31.20,5.00,5.00,2.50,19.00,79.07,89.13,63.53,0.94,111.48,27.10,38.03,21.13,297.70,7.86,52.24,6.80,78.02,220.41,23.00,11.00,0.65,20.00,0.82,4.00,0.20,66.20,28.00,0.45,0.28,8.20,4.00,0.81,0.00,6.65,0.36,0.00,0.00,101.00,79.07,63.53,0.06,100.00,220.41,0.00,0.00
Guinea,GIN,43.40,44.99,53.22,31.98,69.61,35.61,23.53,51.23,48.28,57.47,56.68,50.45,46.09,37.31,41.07,3.45,16.40,115.00,678.99,93.70,545.46,14.05,67.40,20.10,0.36,26.20,1.29,210.63,8.70,5.00,4.00,3.00,27.30,30.47,78.02,38.82,0.66,87.17,4.70,33.08,16.75,564.90,10.60,81.55,0.61,86.95,1090.57,17.00,10.00,,20.00,0.72,3.00,0.38,20.40,27.00,0.76,0.04,8.80,3.00,0.67,,2.07,0.48,0.00,0.00,115.00,30.47,38.82,0.34,87.17,1090.57,0.00,0.00
Honduras,HND,61.76,68.56,69.28,47.44,91.05,84.16,66.91,32.14,82.56,60.21,74.09,60.27,50.00,59.96,57.21,22.59,12.20,85.00,129.31,20.40,69.13,90.29,83.76,82.65,0.56,82.20,3.69,56.12,74.60,5.00,5.00,3.00,17.40,88.42,95.35,70.78,1.19,95.54,20.36,44.62,22.28,388.30,6.57,72.01,1.78,86.89,564.07,19.00,9.00,0.60,30.00,0.84,3.00,0.25,76.40,30.00,0.55,0.43,6.10,4.00,0.77,0.15,8.58,0.26,0.00,0.00,85.00,88.42,70.78,0.19,95.54,564.07,0.00,0.00
Hungary,HUN,77.32,90.06,80.67,61.22,99.16,98.90,80.45,81.75,98.30,82.03,62.64,79.71,63.72,65.90,50.96,64.32,5.00,8.00,16.58,5.90,8.26,98.34,100.00,97.99,0.55,100.00,4.77,9.37,1.50,2.00,3.00,1.50,7.70,99.38,96.46,105.20,1.00,118.91,72.83,28.17,20.26,454.80,17.08,48.24,51.10,100.00,271.24,29.00,13.00,0.58,45.00,0.51,3.00,0.01,82.30,48.00,0.28,0.28,5.00,3.00,0.89,0.77,13.91,0.03,9.00,0.45,8.00,99.00,100.00,0.00,100.00,271.24,4.00,4.00
Iceland,ISL,90.27,94.96,89.06,86.81,99.54,99.60,87.15,93.55,98.13,93.70,83.32,81.07,92.41,87.17,93.04,74.61,5.00,8.00,3.50,2.00,19.91,100.00,100.00,98.78,0.41,100.00,6.72,0.00,0.30,1.00,2.00,1.00,4.60,,99.15,118.56,1.04,114.01,98.20,15.30,24.69,183.20,8.74,12.42,60.06,66.04,210.17,38.00,16.00,,90.00,0.94,3.00,0.01,,78.00,0.87,0.88,1.30,4.00,0.98,1.31,14.86,0.02,2.00,0.70,8.00,,100.00,0.04,100.00,210.17,2.00,6.00
India,IND,58.39,66.74,61.15,47.29,84.64,57.57,64.42,60.35,85.57,56.10,55.91,47.01,72.30,58.43,26.36,32.05,15.20,109.00,174.33,47.70,210.98,28.18,92.65,39.63,0.67,78.70,4.28,119.78,3.20,3.00,4.00,4.00,16.60,72.23,95.14,74.28,1.01,78.06,26.00,43.17,17.91,534.80,17.33,133.54,2.25,63.42,490.65,35.00,13.00,0.67,55.00,0.80,2.00,0.28,72.30,40.00,0.38,0.22,8.50,1.00,0.61,0.33,5.79,0.42,40.00,0.03,109.00,72.23,74.28,0.01,78.06,490.65,8.00,1.00
Indonesia,IDN,65.10,74.13,70.81,50.34,91.98,56.54,78.02,69.99,92.10,63.31,62.09,65.74,64.54,64.16,35.47,37.19,7.60,51.00,126.19,27.20,149.59,21.83,79.48,60.83,0.75,96.00,4.20,37.11,0.50,3.00,3.00,3.00,15.30,95.44,92.88,82.47,0.99,132.35,21.98,41.72,16.65,517.00,3.11,49.90,0.02,81.62,348.04,31.00,12.00,0.71,30.00,0.82,1.00,0.14,81.20,37.00,0.32,0.09,7.30,2.00,0.79,0.26,9.56,0.21,10.00,0.05,51.00,95.44,82.47,0.01,100.00,348.04,4.00,1.00
Iran,IRN,61.93,82.71,69.24,33.86,97.17,90.96,77.84,64.86,94.38,57.77,68.80,56.00,18.62,50.08,26.38,40.34,5.00,31.00,25.17,15.50,29.48,92.18,92.12,90.00,0.32,100.00,5.03,0.94,4.80,2.00,3.00,3.50,32.10,87.17,99.25,89.17,0.99,93.38,45.33,66.52,19.60,415.40,6.01,71.10,3.73,64.16,576.28,7.00,2.00,0.30,10.00,,1.00,0.21,71.90,29.00,0.49,,8.80,2.00,0.56,0.81,9.89,0.37,14.00,0.05,31.00,87.17,89.17,0.01,93.38,576.28,5.00,1.00
Ireland,IRL,88.91,93.03,87.86,85.86,99.23,95.34,87.82,89.72,98.85,89.98,80.49,82.11,93.09,83.71,86.21,80.42,5.00,8.00,7.70,3.60,28.84,97.88,97.84,90.48,0.50,100.00,6.46,0.00,1.10,2.00,2.00,1.00,4.10,,99.30,127.20,1.02,103.71,80.12,12.40,24.14,224.10,9.84,19.26,51.11,90.51,290.56,39.00,16.00,,90.00,0.86,4.00,0.00,79.50,73.00,0.85,0.82,1.60,3.00,0.96,1.68,14.53,0.05,15.00,0.55,8.00,,100.00,0.02,100.00,290.56,5.00,5.00
Israel,ISR,80.61,90.95,87.10,63.78,99.27,100.00,83.23,81.28,99.06,81.56,84.04,83.74,77.80,71.68,32.56,73.06,5.00,8.00,5.24,4.00,24.88,100.00,100.00,100.00,0.32,100.00,6.21,0.00,1.70,2.00,3.00,2.00,3.60,,99.91,101.86,1.02,133.47,77.35,32.58,25.03,205.70,7.33,22.19,94.27,71.29,388.92,36.00,12.00,,75.00,0.75,2.00,0.03,68.50,64.00,0.31,0.31,9.80,1.00,0.87,1.31,15.68,0.10,12.00,0.29,8.00,,100.00,0.02,100.00,388.92,5.00,4.00
Italy,ITA,82.62,89.10,88.30,70.46,99.50,99.84,84.94,72.10,98.99,79.81,84.81,89.58,79.67,66.14,63.66,72.38,5.00,8.00,3.69,3.50,11.40,99.95,100.00,99.55,0.49,100.00,5.87,0.00,0.80,3.00,4.00,2.00,6.10,99.02,99.54,102.62,0.98,142.12,65.57,28.93,25.08,210.70,5.81,22.18,81.17,98.96,223.28,36.00,15.00,0.82,50.00,0.61,4.00,0.00,66.00,47.00,0.63,0.62,5.00,2.00,0.92,0.45,14.28,0.11,59.00,0.77,8.00,99.00,100.00,0.02,100.00,223.28,9.00,6.00
Jamaica,JAM,72.42,75.30,78.60,63.37,94.34,81.44,76.05,49.37,88.05,79.85,75.79,70.70,73.95,73.25,64.94,41.32,8.10,58.00,88.57,15.70,47.89,71.52,89.43,81.78,0.44,92.63,4.71,10.68,36.10,5.00,4.00,3.00,11.50,88.50,,82.11,1.07,111.51,42.22,12.45,22.40,398.00,3.36,32.42,5.50,90.47,382.78,34.00,15.00,0.75,40.00,0.81,4.00,0.01,82.90,39.00,0.72,0.14,3.60,4.00,0.86,0.56,12.81,0.06,0.00,0.00,58.00,88.50,82.11,0.07,100.00,382.78,0.00,0.00
Japan,JPN,86.44,95.92,87.57,75.83,99.19,99.58,93.25,91.66,99.86,86.70,79.89,83.82,85.66,78.60,62.11,76.95,5.00,8.00,5.43,2.70,41.55,98.45,100.00,100.00,0.76,100.00,6.55,0.00,0.30,1.00,2.00,1.50,4.70,,99.95,101.75,1.00,126.54,91.06,28.67,26.13,188.90,19.22,16.83,56.53,93.25,301.27,40.00,15.00,0.74,80.00,0.78,4.00,0.01,70.40,72.00,0.49,0.27,3.90,4.00,0.89,1.37,15.51,0.20,90.00,0.24,8.00,,100.00,0.00,100.00,301.27,9.00,4.00
Jordan,JOR,69.85,85.38,74.60,49.56,97.20,93.50,81.38,69.43,92.68,70.64,73.29,61.80,44.56,64.17,40.28,49.25,5.00,13.00,57.70,17.90,24.27,91.00,92.27,98.63,0.39,99.50,5.51,0.03,2.30,2.00,3.00,3.00,26.30,98.01,96.76,82.45,1.06,179.43,53.40,44.49,19.16,292.20,3.08,42.78,18.60,42.94,382.75,12.00,7.00,0.44,60.00,0.75,2.00,0.07,60.60,48.00,0.51,,7.70,2.00,0.82,0.42,12.39,0.17,3.00,0.26,13.00,98.01,82.45,0.06,100.00,382.75,2.00,4.00
Kazakhstan,KAZ,66.01,81.23,66.60,50.20,97.86,81.98,76.29,68.79,98.98,71.46,44.18,51.77,27.97,61.83,49.12,61.87,5.00,18.00,11.95,14.10,32.21,61.37,85.58,97.54,0.46,100.00,4.55,22.76,7.40,2.00,3.00,3.00,24.20,99.79,99.83,112.01,1.03,156.88,70.83,54.55,17.49,657.80,30.52,74.94,15.60,53.45,805.55,5.00,4.00,0.39,30.00,0.74,1.00,0.05,75.60,29.00,0.42,0.08,7.30,4.00,0.92,0.86,13.93,0.06,10.00,0.13,18.00,99.00,100.00,0.03,100.00,805.55,4.00,3.00
Kenya,KEN,56.17,52.65,68.78,47.08,74.35,35.97,48.83,51.43,79.49,66.82,62.67,66.13,52.59,60.82,37.20,37.70,21.20,135.00,509.52,49.40,488.74,21.69,56.84,30.11,0.56,23.00,3.90,106.21,5.90,4.00,4.00,4.00,29.10,78.02,86.21,67.64,0.93,80.68,45.62,31.16,16.91,359.30,11.37,36.95,3.20,84.09,524.20,22.00,10.00,0.59,30.00,0.75,3.00,0.13,76.80,26.00,0.65,0.14,9.10,2.00,0.71,0.28,9.14,0.26,1.00,0.44,135.00,78.02,67.64,0.07,80.68,524.20,1.00,4.00
"Korea, Republic of",KOR,82.08,91.74,83.96,70.54,99.22,92.44,88.16,87.13,97.25,86.36,72.44,79.78,72.43,70.04,63.28,76.40,5.00,4.00,11.01,3.40,27.93,92.93,87.95,100.00,0.58,100.00,6.17,0.00,0.70,1.00,2.00,2.00,12.00,97.97,96.46,97.73,0.99,118.46,89.65,28.58,24.99,211.80,27.75,27.37,82.42,69.34,434.63,32.00,13.00,0.63,70.00,0.56,4.00,0.00,81.70,53.00,0.56,0.31,3.10,4.00,0.80,1.94,14.62,0.26,42.00,0.16,8.00,97.97,97.73,0.01,100.00,434.63,8.00,3.00
Kuwait,KWT,74.12,90.15,78.73,53.47,98.25,97.61,80.26,84.48,92.04,82.82,72.80,67.27,40.33,66.12,56.95,50.46,5.00,21.00,4.12,8.60,41.02,,99.00,100.00,0.35,97.70,5.53,0.09,1.80,1.00,2.00,2.00,18.70,96.12,99.47,94.97,1.16,231.76,82.08,32.59,17.87,237.90,2.73,54.56,43.10,87.12,756.42,13.00,6.00,,45.00,0.84,2.00,0.05,63.50,41.00,0.70,,5.20,3.00,0.84,0.22,12.51,,1.00,0.52,21.00,96.12,94.97,0.16,100.00,756.42,1.00,5.00
Kyrgyzstan,KGZ,65.33,77.85,68.72,49.44,95.22,80.04,69.36,66.77,97.64,69.92,55.32,51.98,48.60,60.59,44.73,43.81,6.00,40.00,75.51,21.30,46.68,58.19,86.22,93.28,0.57,100.00,3.24,56.26,3.70,3.00,3.00,3.00,22.00,99.50,99.53,90.78,1.01,132.80,30.25,30.16,17.92,613.60,14.21,81.92,4.20,79.80,934.90,13.00,9.00,0.72,20.00,0.78,2.00,0.08,66.30,28.00,0.54,0.06,8.60,3.00,0.91,0.63,13.79,0.05,0.00,0.00,40.00,99.00,90.78,0.01,100.00,934.90,0.00,0.00
Laos,LAO,54.17,68.45,57.54,36.53,81.64,56.83,59.31,76.00,81.59,34.40,53.65,60.53,19.78,58.13,51.04,17.19,18.50,128.00,197.40,66.70,160.25,28.37,69.38,70.89,0.44,70.00,4.71,122.82,7.30,2.00,3.00,2.00,14.30,79.87,92.71,61.70,0.93,53.10,18.20,71.58,16.81,565.40,16.21,91.15,0.00,90.23,373.50,1.00,4.00,,15.00,0.87,1.00,0.20,67.10,30.00,0.63,0.41,6.60,3.00,0.69,0.22,6.11,0.34,0.00,0.00,128.00,79.87,61.70,0.07,53.10,373.50,0.00,0.00
Latvia,LVA,78.61,89.05,83.16,63.62,98.83,93.22,80.07,84.08,98.52,87.84,60.38,85.89,78.48,69.96,44.50,61.55,5.00,8.00,18.29,7.90,18.73,92.49,98.30,87.79,0.39,100.00,5.36,8.07,3.90,1.00,3.00,1.50,10.00,99.89,98.57,115.36,0.98,127.50,79.20,17.38,20.13,474.10,19.70,52.26,94.23,97.81,284.23,36.00,15.00,,50.00,0.63,3.00,0.01,74.90,57.00,0.22,0.20,7.70,4.00,0.89,0.78,14.44,0.03,2.00,0.27,8.00,99.00,100.00,0.02,100.00,284.23,2.00,4.00
Lebanon,LBN,66.31,75.94,75.65,47.35,98.22,87.06,63.48,55.00,83.74,78.14,72.06,68.67,50.22,58.29,34.06,46.83,5.00,29.00,14.93,8.30,12.50,77.12,98.95,80.67,0.33,100.00,1.67,0.01,4.30,3.50,5.00,3.00,22.60,94.05,84.71,61.21,0.99,92.16,74.00,31.95,18.89,320.40,2.92,45.01,54.70,43.86,330.77,14.00,11.00,0.66,20.00,0.65,3.00,0.03,60.60,28.00,0.48,0.12,8.70,1.00,0.82,,11.39,0.24,4.00,0.10,29.00,94.05,61.21,0.01,92.16,330.77,3.00,3.00
Lesotho,LSO,51.74,51.63,51.21,52.38,67.66,45.60,34.22,59.02,65.33,66.66,29.03,43.83,60.18,63.80,60.98,24.54,11.20,76.00,487.17,90.20,1170.23,22.27,76.96,30.27,0.43,20.56,3.35,195.53,38.00,3.00,3.00,2.00,28.20,79.36,83.58,53.77,1.36,100.94,16.07,28.78,15.77,1037.70,31.86,110.98,0.30,26.17,423.07,27.00,12.00,,30.00,0.72,4.00,0.15,76.10,39.00,0.66,0.20,4.10,4.00,0.79,0.06,10.24,0.24,0.00,0.00,76.00,79.36,53.77,0.36,100.00,423.07,0.00,0.00
Liberia,LBR,49.34,46.11,59.48,42.44,62.53,29.17,30.97,61.75,62.06,56.55,59.29,60.01,61.87,53.10,45.37,9.42,31.90,256.00,724.51,69.90,500.32,2.42,62.61,16.89,0.32,9.80,2.82,159.06,3.20,3.00,4.00,2.00,33.70,47.60,89.89,37.30,0.78,81.09,5.90,30.71,15.65,430.70,9.54,28.61,0.00,49.67,523.13,28.00,11.00,0.76,25.00,0.74,4.00,0.20,38.70,37.00,0.56,0.03,6.00,4.00,0.64,0.16,4.37,0.46,0.00,0.00,256.00,47.60,37.30,0.22,81.09,523.13,0.00,0.00
Lithuania,LTU,78.09,87.64,78.48,68.13,99.17,91.17,80.59,79.64,98.40,84.77,52.75,78.00,86.03,68.42,52.52,65.56,5.00,8.00,9.91,5.20,19.68,93.12,90.38,92.40,0.37,100.00,5.58,7.13,5.50,2.00,3.00,1.50,10.60,99.82,99.65,106.82,0.96,139.52,71.38,19.95,19.40,443.10,32.75,49.12,46.82,98.55,305.91,38.00,16.00,,65.00,0.55,4.00,0.00,69.60,59.00,0.29,0.16,4.60,4.00,0.87,1.05,14.17,0.06,4.00,0.30,8.00,99.00,100.00,0.04,100.00,305.91,3.00,4.00
Macedonia,MKD,69.35,86.99,73.32,47.74,99.28,94.35,78.84,75.48,88.72,77.94,66.88,59.73,58.11,52.14,41.13,39.60,5.00,8.00,7.55,5.50,10.55,91.92,98.88,90.91,0.54,100.00,4.91,30.01,1.60,3.00,3.00,2.00,9.40,97.84,88.26,78.58,0.96,98.78,70.38,36.09,19.11,421.80,7.53,64.35,4.45,72.30,517.75,21.00,10.00,0.74,35.00,0.66,3.00,0.07,29.60,37.00,0.35,0.05,7.10,3.00,0.84,,12.74,0.11,0.00,0.00,8.00,97.84,78.58,0.04,98.78,517.75,0.00,0.00
Madagascar,MDG,47.40,45.52,54.75,41.95,71.78,16.03,28.89,65.36,71.41,44.44,53.12,50.00,57.64,40.95,53.08,16.12,33.00,229.00,352.86,49.60,316.35,7.03,35.25,12.00,0.57,15.40,1.94,201.62,0.60,3.00,3.00,3.00,28.40,64.66,,38.43,0.98,44.12,4.17,27.04,17.00,674.60,11.93,75.63,0.00,64.68,884.35,24.00,10.00,0.61,45.00,0.56,3.00,0.40,58.20,26.00,0.56,0.04,4.30,4.00,0.75,,6.46,0.35,0.00,0.00,229.00,64.66,38.43,0.02,44.12,884.35,0.00,0.00
Malawi,MWI,53.09,54.88,58.80,45.59,70.37,50.87,33.69,64.57,75.96,43.22,57.09,58.92,67.99,58.96,41.10,14.31,20.70,139.00,634.12,64.00,581.62,7.93,89.11,41.00,0.46,9.80,2.27,135.54,1.80,3.00,3.00,2.50,35.00,65.96,98.10,43.40,0.90,37.94,9.30,28.12,15.40,446.70,11.85,56.02,0.00,93.35,880.18,26.00,13.00,0.79,40.00,0.81,4.00,0.26,70.90,31.00,0.47,0.02,5.10,4.00,0.52,0.01,4.98,0.30,0.00,0.00,139.00,65.96,43.40,0.10,37.94,880.18,0.00,0.00
Malaysia,MYS,71.14,87.53,75.59,50.29,97.24,94.46,87.13,71.30,90.64,74.56,68.04,69.13,43.57,58.72,41.97,56.88,5.00,14.00,39.81,7.00,119.43,96.41,92.99,96.01,0.61,100.00,5.82,1.08,1.90,3.00,2.00,3.00,24.00,94.64,98.09,77.57,1.08,143.89,71.06,46.57,19.50,380.30,8.92,51.71,19.59,90.85,449.54,18.00,7.00,0.35,55.00,0.66,1.00,0.06,51.40,49.00,0.41,0.21,6.70,2.00,0.81,0.60,11.93,,14.00,0.26,14.00,94.64,77.57,0.08,100.00,449.54,5.00,4.00
Mali,MLI,47.75,54.02,53.75,35.49,76.40,36.02,41.76,61.89,47.05,60.93,59.35,47.68,52.08,35.51,48.43,5.94,5.00,23.00,587.08,114.70,448.50,15.88,64.06,24.67,0.54,25.60,2.83,131.54,10.20,3.00,3.00,3.50,25.60,33.07,60.80,41.31,0.81,139.61,10.34,39.83,15.94,484.50,7.48,72.12,0.00,73.03,1179.84,17.00,12.00,,25.00,0.68,4.00,0.53,29.90,32.00,0.86,0.06,7.90,2.00,0.83,0.06,1.56,0.42,0.00,0.00,23.00,33.07,41.31,0.19,100.00,1179.84,0.00,0.00
Mauritania,MRT,48.44,55.02,58.21,32.08,80.96,42.25,35.96,60.91,62.84,64.47,64.25,41.27,39.56,33.83,44.50,10.44,5.60,36.00,601.59,84.70,228.96,32.63,57.10,40.01,0.20,21.76,2.39,94.31,11.40,3.00,4.00,2.50,24.50,52.12,79.90,30.60,0.93,89.32,15.20,24.03,16.49,356.00,7.36,92.77,0.00,42.92,990.97,9.00,9.00,,25.00,0.43,2.00,0.28,29.80,27.00,0.47,0.02,7.20,4.00,0.77,0.07,4.44,0.41,0.00,0.00,36.00,52.12,30.60,0.07,89.32,990.97,0.00,0.00
Mauritius,MUS,75.18,88.97,75.91,60.65,96.72,97.66,78.76,82.73,94.89,76.16,67.95,64.66,81.72,64.80,65.81,30.25,5.00,35.00,53.36,13.50,41.78,99.85,99.82,93.15,0.29,100.00,5.41,3.18,2.70,2.00,2.00,2.00,12.20,90.62,98.93,95.70,1.05,140.58,50.14,27.69,20.55,446.80,8.92,36.34,4.20,55.45,264.02,37.00,15.00,,60.00,0.81,4.00,0.10,44.80,54.00,0.73,0.26,3.80,4.00,0.82,0.17,10.36,0.13,0.00,0.00,35.00,90.62,95.70,0.05,100.00,264.02,0.00,0.00
Mexico,MEX,71.93,79.22,77.66,58.91,97.17,89.44,79.38,50.90,93.58,64.93,77.59,74.53,65.87,60.31,52.92,56.54,5.00,29.00,37.85,13.20,39.48,92.33,92.14,85.16,0.48,99.10,4.89,10.13,15.70,5.00,4.00,4.00,12.30,94.55,97.71,90.55,1.07,85.99,57.43,49.33,22.38,284.40,6.17,32.18,39.72,78.66,367.10,28.00,13.00,0.62,50.00,0.73,2.00,0.17,83.20,30.00,0.51,0.51,6.70,2.00,0.88,0.70,10.77,0.20,17.00,0.23,29.00,94.55,90.55,0.07,85.99,367.10,6.00,4.00
Moldova,MDA,66.31,79.32,70.52,49.08,97.96,71.17,72.27,75.89,93.07,75.65,59.99,53.36,64.77,52.11,37.30,42.14,5.00,8.00,22.91,15.80,26.68,53.93,81.38,76.43,0.25,100.00,4.30,12.14,3.20,2.00,3.00,2.50,12.50,99.24,91.58,86.11,1.01,108.04,49.84,28.83,17.97,462.10,14.08,64.11,14.00,53.23,792.99,27.00,12.00,0.72,40.00,0.51,3.00,0.11,62.00,30.00,0.40,0.04,7.00,2.00,0.80,0.56,13.80,0.07,0.00,0.00,8.00,99.00,86.11,0.01,100.00,792.99,0.00,0.00
Mongolia,MNG,62.00,67.05,61.31,57.65,87.50,47.37,60.62,72.70,96.13,68.54,36.68,43.87,70.18,65.09,51.41,43.92,20.50,156.00,43.95,22.40,39.81,24.35,59.21,59.72,0.27,89.76,3.84,84.93,7.50,3.00,2.00,2.50,21.00,98.37,97.31,91.46,1.02,104.96,21.44,27.61,17.11,820.60,34.04,90.00,3.30,83.56,1417.03,36.00,14.00,0.71,30.00,0.71,3.00,0.04,71.10,38.00,0.30,0.06,4.00,3.00,0.95,0.96,12.06,0.09,0.00,0.00,156.00,98.37,91.46,0.02,100.00,1417.03,0.00,0.00
Montenegro,MNE,70.01,83.88,75.94,50.22,99.38,94.00,67.97,74.17,95.52,79.02,66.12,63.12,62.05,49.96,46.38,42.49,5.00,8.00,7.16,4.70,9.02,84.20,99.17,95.91,0.25,100.00,4.01,41.10,3.20,3.00,3.00,2.00,11.90,98.72,94.64,90.34,1.00,162.16,68.12,32.79,19.80,423.60,11.01,51.75,6.70,67.72,393.47,26.00,12.00,,40.00,0.55,4.00,,37.10,45.00,0.56,0.08,7.60,3.00,0.86,,13.05,0.07,0.00,0.00,8.00,98.72,90.34,0.00,100.00,393.47,0.00,0.00
Morocco,MAR,65.25,77.43,73.19,45.12,94.54,66.43,80.84,67.92,81.66,72.33,68.44,70.34,45.36,64.54,43.30,27.27,5.00,31.00,121.32,27.60,57.24,63.85,65.31,76.71,0.44,100.00,5.28,5.35,1.00,3.00,3.00,3.00,20.80,71.71,99.68,69.06,0.85,126.87,57.08,42.64,19.43,380.30,7.97,41.59,5.40,91.10,318.76,15.00,7.00,0.55,40.00,0.79,2.00,0.11,76.80,37.00,0.57,0.07,7.40,4.00,0.65,0.37,4.84,0.46,3.00,0.25,31.00,71.71,69.06,0.15,100.00,318.76,2.00,4.00
Mozambique,MOZ,47.90,45.53,58.20,39.96,66.89,20.06,36.49,58.67,68.76,55.13,52.41,56.49,53.05,42.08,54.47,10.27,25.30,181.00,489.11,78.50,685.02,8.65,37.04,20.50,0.44,20.20,2.81,150.77,3.60,3.00,4.00,3.00,31.60,58.84,89.13,32.43,0.92,74.24,9.00,30.25,16.63,595.90,16.25,56.62,0.00,88.43,967.73,20.00,11.00,,30.00,0.78,4.00,0.45,37.80,27.00,0.67,0.27,5.60,4.00,0.66,0.02,2.99,0.34,0.00,0.00,181.00,58.84,32.43,0.08,74.24,967.73,0.00,0.00
Myanmar,MMR,55.69,66.23,61.28,39.57,85.39,56.50,57.16,65.88,85.42,54.55,59.29,45.86,31.21,64.80,35.91,26.35,14.20,103.00,178.50,50.00,168.02,8.16,74.40,79.55,0.82,52.36,2.72,91.98,2.50,2.50,3.00,4.00,20.30,93.09,94.53,51.30,1.03,75.68,21.80,42.08,16.75,583.60,4.91,93.70,0.00,57.74,,14.00,7.00,0.34,10.00,0.87,2.00,0.07,71.70,28.00,0.44,0.29,9.90,2.00,0.79,0.34,7.74,0.19,0.00,0.00,103.00,93.09,51.30,0.03,75.68,,0.00,0.00
Namibia,NAM,61.98,61.88,69.37,54.68,65.30,58.23,57.75,66.24,81.22,73.51,60.38,62.36,66.93,74.96,54.16,22.67,42.30,325.00,264.74,45.40,489.15,50.67,84.65,34.39,0.38,47.26,5.54,109.61,16.90,3.00,3.00,2.00,23.90,90.82,91.23,64.84,1.16,106.58,22.31,15.15,17.38,395.90,15.03,60.83,6.25,95.74,708.78,30.00,14.00,,30.00,0.85,4.00,0.05,76.60,52.00,0.59,0.23,6.00,4.00,0.76,0.06,9.79,0.28,0.00,0.00,325.00,90.82,64.84,0.16,100.00,708.78,0.00,0.00
Nepal,NPL,60.08,69.69,65.20,45.35,88.88,58.04,56.48,75.35,81.43,64.46,63.95,50.98,55.76,54.49,61.58,9.58,7.80,51.00,258.41,35.80,200.81,24.08,91.77,45.79,0.81,76.30,1.82,113.27,2.90,3.00,2.00,2.50,17.00,64.66,97.11,69.57,1.07,96.75,17.58,32.62,17.39,410.70,7.85,113.24,0.00,76.59,588.48,24.00,9.00,0.70,30.00,0.81,3.00,0.29,64.60,29.00,0.80,0.83,9.50,3.00,0.84,0.11,3.60,0.41,0.00,0.00,51.00,64.66,69.57,0.07,96.75,588.48,0.00,0.00
Netherlands,NLD,89.82,94.97,91.15,83.33,99.24,99.27,91.31,90.08,99.22,94.82,80.38,90.17,93.60,88.90,77.73,73.10,5.00,8.00,6.92,3.80,27.30,100.00,100.00,97.73,0.61,100.00,6.76,0.00,0.70,2.00,2.00,1.00,3.40,,99.85,132.32,0.98,123.54,93.10,8.76,24.20,236.10,9.60,22.81,99.27,90.38,269.55,40.00,16.00,0.87,90.00,0.91,4.00,0.00,84.60,83.00,0.79,0.88,4.40,3.00,0.92,0.98,14.69,0.04,26.00,0.30,8.00,,100.00,0.02,100.00,269.55,7.00,4.00
New Zealand,NZL,89.30,93.86,88.72,85.31,99.20,100.00,85.23,91.00,97.38,93.05,80.74,83.72,94.08,88.16,83.89,75.09,5.00,8.00,11.24,5.70,12.00,100.00,100.00,,0.41,100.00,6.30,0.00,0.90,1.50,2.00,1.00,6.00,,99.06,117.49,1.06,121.83,88.22,10.01,24.71,230.30,10.90,8.97,70.19,92.75,535.21,40.00,16.00,0.85,95.00,0.92,4.00,0.08,83.70,90.00,0.89,0.79,3.80,4.00,0.94,1.19,15.04,,15.00,0.49,8.00,,100.00,0.06,100.00,535.21,5.00,5.00
Nicaragua,NIC,64.17,72.57,74.53,45.40,88.49,66.17,66.76,68.87,85.39,67.62,77.15,67.97,40.73,55.72,58.63,26.53,16.60,122.00,149.77,22.10,39.01,66.32,69.40,67.90,0.42,77.90,3.95,31.87,11.50,3.00,3.00,2.50,15.30,82.47,98.41,74.19,1.13,116.11,19.70,28.82,21.87,240.90,7.64,33.39,0.00,93.72,530.89,14.00,11.00,0.44,10.00,0.70,3.00,0.30,87.30,26.00,0.58,0.41,6.70,4.00,0.85,0.50,9.04,0.29,0.00,0.00,122.00,82.47,74.19,0.13,100.00,530.89,0.00,0.00
Niger,NER,42.97,47.92,45.92,35.08,74.98,22.39,31.24,63.07,37.12,45.68,61.29,39.60,53.73,36.77,41.98,7.85,9.50,56.00,553.50,95.50,545.94,8.72,48.62,10.88,0.48,14.40,,174.50,4.50,4.00,3.00,2.50,26.40,19.10,63.28,20.75,0.71,46.50,2.22,24.62,16.16,414.60,8.46,111.31,0.00,88.33,1660.52,21.00,11.00,,30.00,0.69,4.00,0.61,42.90,35.00,0.67,0.04,7.70,3.00,0.68,0.04,1.41,0.35,0.00,0.00,56.00,19.10,20.75,0.29,46.50,1500.00,0.00,0.00
Nigeria,NGA,50.01,47.90,63.31,38.81,72.88,30.54,45.25,42.93,62.94,66.04,62.53,61.75,53.13,45.72,36.39,20.01,7.00,42.00,813.98,108.80,449.25,2.27,57.29,28.95,0.55,55.60,1.44,109.17,10.10,5.00,5.00,4.50,20.50,59.57,65.67,55.70,0.93,82.19,47.44,35.90,14.22,284.90,6.92,68.92,0.15,75.43,332.12,25.00,9.00,0.60,30.00,0.79,3.00,0.29,31.50,28.00,0.71,0.07,9.40,1.00,0.80,,6.77,0.43,1.00,0.02,42.00,59.57,55.70,0.07,82.19,332.12,1.00,1.00
Norway,NOR,90.27,95.44,91.15,84.21,99.38,99.37,89.27,93.75,98.79,95.80,81.29,88.74,96.32,89.37,81.74,69.39,5.00,8.00,4.92,2.60,26.70,100.00,100.00,98.06,0.52,100.00,6.72,0.00,0.60,1.00,2.00,1.00,3.80,,99.88,112.99,0.97,111.12,96.81,8.79,24.16,204.40,9.54,15.97,83.83,82.20,153.42,40.00,16.00,0.95,90.00,0.95,3.00,0.00,84.30,85.00,0.86,0.87,3.80,3.00,0.95,0.97,15.42,0.02,9.00,0.29,8.00,,100.00,0.03,100.00,153.42,4.00,4.00
Pakistan,PAK,51.54,64.38,54.34,35.90,78.34,66.89,57.99,54.30,61.82,48.00,58.79,48.74,46.18,52.09,22.43,22.91,22.00,172.00,177.94,81.10,139.41,38.83,89.91,63.50,0.59,93.60,2.39,120.40,7.80,4.00,4.00,4.50,14.20,56.44,80.23,44.53,0.79,66.92,18.00,48.52,17.82,690.20,3.53,136.32,0.10,70.04,411.86,21.00,6.00,0.59,30.00,0.63,2.00,0.11,49.60,32.00,0.46,0.02,9.70,1.00,0.63,0.19,4.26,0.44,9.00,0.08,172.00,56.44,44.53,0.21,66.92,411.86,4.00,2.00
Panama,PAN,74.61,83.02,80.87,59.95,93.34,84.46,79.57,74.70,90.52,75.34,82.46,75.17,70.71,65.03,62.96,41.09,9.50,66.00,94.49,17.00,58.81,92.13,88.62,74.99,0.52,90.88,5.18,9.41,17.40,3.00,3.00,1.00,10.00,95.04,97.10,75.50,1.06,174.19,51.21,30.59,24.13,227.00,6.12,23.59,13.32,87.93,238.52,35.00,15.00,0.70,30.00,0.88,4.00,0.22,73.90,38.00,0.57,0.41,5.30,4.00,0.88,0.89,12.46,0.17,0.00,0.00,66.00,95.04,75.50,0.06,100.00,238.52,0.00,0.00
Paraguay,PRY,68.73,78.00,73.46,54.73,92.10,89.32,64.82,65.77,87.80,73.45,72.13,60.48,60.18,64.99,62.89,30.88,10.40,71.00,131.72,20.50,60.63,82.94,94.95,88.60,0.35,98.20,2.86,38.06,8.80,4.00,3.00,2.00,20.70,95.54,90.66,76.57,1.07,105.39,48.44,33.63,21.19,390.00,6.47,37.55,0.74,78.94,790.19,27.00,12.00,,30.00,0.77,4.00,0.13,81.60,30.00,0.74,0.36,6.00,3.00,0.94,0.33,10.21,0.16,0.00,0.00,71.00,95.54,76.57,0.07,100.00,790.19,0.00,0.00
Peru,PER,72.15,76.59,81.55,58.31,94.27,72.01,76.00,64.06,97.10,72.82,80.78,75.50,73.86,60.96,54.05,44.38,7.50,50.00,68.36,16.90,101.92,78.25,69.25,76.19,0.50,91.20,4.94,29.53,6.70,3.00,4.00,3.00,13.90,94.37,98.07,95.74,1.00,109.87,40.90,29.99,21.61,183.10,3.37,37.50,34.65,84.59,269.64,31.00,15.00,0.79,40.00,0.81,3.00,0.16,64.40,35.00,0.61,0.34,7.60,4.00,0.80,0.74,11.57,0.23,3.00,0.06,50.00,94.37,95.74,0.00,100.00,269.64,2.00,2.00
Philippines,PHL,67.10,71.88,71.18,58.23,88.65,71.59,68.54,58.74,92.61,67.19,61.04,63.89,63.31,66.69,55.38,47.56,13.50,93.00,114.15,28.00,173.69,43.13,90.26,73.93,0.63,87.50,3.99,79.38,9.90,4.00,4.00,3.50,10.50,96.62,98.03,88.39,1.10,115.75,40.70,44.66,17.10,527.10,5.92,77.30,2.58,86.16,274.18,27.00,14.00,0.65,30.00,0.90,4.00,0.05,54.70,35.00,0.60,0.62,8.10,3.00,0.82,0.70,11.82,0.12,5.00,0.03,93.00,96.62,88.39,0.10,100.00,274.18,3.00,1.00
Poland,POL,79.65,90.69,81.48,66.80,99.23,97.15,78.71,87.65,97.53,82.37,67.12,78.88,79.59,73.44,50.38,63.76,5.00,8.00,3.11,5.20,21.30,98.22,96.88,97.21,0.29,100.00,5.53,9.02,0.70,2.00,2.00,1.00,10.30,99.79,97.42,108.70,0.96,142.69,68.00,23.89,21.84,393.70,17.41,44.90,57.18,99.76,424.54,37.00,14.00,0.75,65.00,0.82,3.00,0.02,63.10,62.00,0.21,0.17,4.90,4.00,0.89,0.77,14.78,0.06,11.00,0.17,8.00,99.00,100.00,0.04,100.00,424.54,5.00,3.00
Portugal,PRT,85.44,93.45,87.00,75.88,99.10,99.89,84.38,90.41,98.11,85.06,80.11,84.71,88.93,78.73,76.17,59.69,5.00,8.00,10.15,3.60,37.39,100.00,100.00,99.67,0.42,100.00,6.06,0.00,0.90,1.00,2.00,1.50,7.80,95.43,99.72,116.40,0.98,110.41,68.63,17.27,24.14,238.90,9.72,16.86,54.12,95.78,248.78,39.00,16.00,0.88,70.00,0.83,4.00,0.05,82.90,62.00,0.74,0.52,2.70,4.00,0.89,0.39,11.54,0.06,12.00,0.49,8.00,95.43,100.00,0.02,100.00,248.78,5.00,5.00
Romania,ROU,73.53,84.01,77.51,59.08,98.29,83.12,75.09,79.54,94.90,78.96,65.57,70.59,71.83,70.06,39.43,54.99,5.00,8.00,31.38,11.10,25.60,62.70,100.00,79.08,0.35,100.00,4.73,21.73,1.50,2.00,3.00,2.00,8.70,98.76,92.87,92.25,0.99,107.14,55.76,24.29,20.15,462.50,11.06,54.88,15.39,95.77,338.89,35.00,14.00,0.75,35.00,0.78,3.00,0.03,70.20,48.00,0.25,0.15,7.00,3.00,0.80,0.44,13.80,0.05,4.00,0.20,8.00,98.76,92.25,0.01,100.00,338.89,3.00,3.00
Russia,RUS,67.17,79.31,72.09,50.10,98.34,83.50,77.57,57.83,98.48,73.37,47.14,69.35,25.42,56.77,36.15,82.08,5.00,8.00,24.62,9.60,40.53,87.37,91.25,72.22,0.33,100.00,5.04,5.91,9.50,3.00,4.00,4.00,18.90,99.72,98.31,100.59,0.98,159.95,70.10,49.03,18.55,609.50,31.19,62.57,72.67,73.70,695.81,5.00,3.00,0.42,20.00,0.63,1.00,0.08,72.30,29.00,0.39,0.09,9.00,2.00,0.89,1.93,14.67,0.02,35.00,0.06,8.00,99.00,100.00,0.02,100.00,695.81,8.00,2.00
Rwanda,RWA,52.78,57.38,60.83,40.13,73.81,49.82,44.85,61.04,76.07,46.94,62.73,57.59,28.38,73.85,42.36,15.93,31.60,232.00,290.20,41.70,298.53,9.20,71.90,61.64,0.56,18.00,4.16,144.97,4.90,3.00,3.00,3.50,32.10,71.24,96.67,39.12,1.10,70.48,18.00,54.61,18.04,435.50,10.80,82.72,0.00,71.26,404.49,8.00,4.00,,30.00,0.91,3.00,0.04,65.70,54.00,0.69,0.07,9.10,4.00,0.66,0.06,5.48,0.29,0.00,0.00,232.00,71.24,39.12,0.10,70.48,404.49,0.00,0.00
Saudi Arabia,SAU,69.45,86.42,76.51,45.43,97.93,89.58,86.39,71.77,90.03,69.17,74.52,72.32,25.17,60.98,48.31,47.26,5.00,9.00,11.61,14.50,47.95,66.70,97.03,100.00,0.52,97.70,6.17,0.56,6.20,1.00,3.00,3.00,27.40,94.84,99.24,108.29,0.76,176.59,69.62,59.72,18.71,219.80,3.34,66.44,54.58,81.69,364.40,3.00,3.00,,40.00,0.75,1.00,0.04,50.50,46.00,0.80,,7.50,2.00,0.88,0.46,9.61,,13.00,0.17,9.00,94.84,100.00,0.24,100.00,364.40,5.00,3.00
Senegal,SEN,58.31,64.64,61.90,48.38,84.27,55.06,48.84,70.41,66.24,68.44,56.27,56.65,74.75,54.64,56.68,7.46,10.00,63.00,315.11,47.20,353.34,53.14,67.33,47.59,0.50,56.50,3.17,140.87,7.90,3.00,2.00,2.50,27.20,55.62,73.31,49.65,0.98,99.95,21.69,27.99,16.79,515.00,14.16,85.85,0.50,93.36,726.07,32.00,15.00,0.80,40.00,0.74,4.00,0.25,43.90,45.00,0.82,0.01,6.60,4.00,0.84,0.10,3.11,0.45,0.00,0.00,63.00,55.62,49.65,0.02,99.95,726.07,0.00,0.00
Serbia,SRB,73.41,88.51,75.10,56.61,99.04,96.68,76.52,81.80,98.20,80.25,63.44,58.52,69.43,53.29,48.87,54.87,5.00,8.00,16.85,6.70,11.85,93.89,98.91,96.43,0.48,100.00,4.81,36.33,1.30,2.00,3.00,1.50,7.70,98.00,99.21,96.67,1.01,120.52,65.32,27.60,19.75,435.80,15.02,50.09,6.41,61.46,624.24,29.00,14.00,0.67,50.00,0.58,3.00,0.05,34.80,42.00,0.56,0.21,7.80,3.00,0.87,0.54,13.00,0.08,2.00,0.41,8.00,98.00,96.67,0.01,100.00,624.24,2.00,4.00
Sierra Leone,SLE,47.10,43.49,58.63,39.19,54.89,21.87,23.34,73.85,71.16,58.91,49.64,54.80,56.83,44.67,50.43,4.82,22.30,160.00,1359.67,120.40,593.29,5.36,47.82,13.26,0.29,14.20,2.20,210.76,1.90,3.00,2.00,2.00,27.30,48.43,99.80,43.25,0.86,89.53,2.50,29.94,12.99,569.70,10.89,71.76,0.00,75.46,753.01,28.00,12.00,0.66,10.00,0.67,4.00,0.31,37.80,30.00,0.71,0.06,5.90,4.00,0.66,0.09,2.58,0.50,0.00,0.00,160.00,48.43,43.25,0.14,89.53,753.01,0.00,0.00
Slovakia,SVK,80.22,93.22,83.87,63.56,98.95,99.02,86.09,88.84,96.40,88.99,69.79,80.31,78.48,68.67,50.02,57.04,5.00,8.00,5.64,7.30,26.89,97.79,100.00,98.82,0.53,100.00,6.01,3.32,1.10,2.00,2.00,1.00,6.60,,,91.92,1.01,122.31,77.63,13.26,20.71,370.30,10.21,46.30,54.69,100.00,292.62,36.00,15.00,,50.00,0.64,3.00,0.01,75.30,51.00,0.23,0.26,6.50,4.00,0.92,0.63,13.98,0.02,2.00,0.20,8.00,,91.92,0.01,100.00,292.62,2.00,3.00
Slovenia,SVN,84.32,94.05,86.04,72.87,99.41,99.15,84.84,92.81,99.36,84.35,76.31,84.15,79.87,80.85,63.76,67.00,5.00,8.00,8.60,2.60,20.25,98.97,99.40,99.11,0.41,100.00,6.33,5.28,0.70,1.00,2.00,1.00,6.40,99.71,98.79,110.67,1.00,113.22,73.10,22.26,23.63,240.00,14.87,25.85,59.78,100.00,311.15,39.00,14.00,0.76,60.00,0.90,4.00,0.01,78.00,61.00,0.38,0.46,4.20,4.00,0.93,0.79,14.19,0.03,2.00,0.66,8.00,99.00,100.00,0.00,100.00,311.15,2.00,6.00
South Africa,ZAF,67.25,67.48,69.79,64.50,88.64,73.02,62.82,45.43,86.32,78.83,53.39,60.60,74.71,72.94,60.70,49.65,5.00,13.00,138.05,40.50,484.35,72.70,81.40,66.39,0.37,85.40,3.01,38.57,33.00,5.00,4.00,3.00,25.10,94.60,,91.96,1.20,164.51,51.92,21.92,16.55,574.30,15.38,73.88,32.49,75.06,714.22,33.00,15.00,0.72,50.00,0.76,4.00,0.03,82.90,45.00,0.64,0.53,6.30,3.00,0.87,0.11,11.48,0.16,13.00,0.42,13.00,94.60,91.96,0.20,100.00,714.22,5.00,4.00
Spain,ESP,86.96,92.28,90.98,77.63,99.37,99.95,86.43,83.37,99.55,86.74,84.92,92.70,84.67,75.36,77.99,72.51,5.00,8.00,4.99,4.10,16.58,100.00,100.00,99.85,0.48,100.00,6.21,0.00,0.70,2.00,3.00,1.50,3.70,98.11,99.70,129.81,1.00,108.20,78.69,19.92,25.21,206.70,6.27,13.86,94.52,96.73,226.94,38.00,15.00,0.81,70.00,0.76,3.00,0.01,80.30,58.00,0.81,0.83,5.90,4.00,0.94,0.96,13.50,0.05,38.00,0.42,8.00,98.11,100.00,0.00,100.00,226.94,8.00,4.00
Sri Lanka,LKA,66.16,76.30,72.75,49.42,87.19,78.05,71.29,68.68,95.47,64.22,62.15,69.15,53.60,66.21,34.11,43.76,22.00,192.00,30.29,9.80,39.76,33.59,94.95,95.11,0.49,88.66,4.41,45.13,2.90,2.00,3.00,4.00,17.40,92.61,97.33,99.72,1.05,110.59,29.99,44.96,20.65,290.60,28.05,41.86,0.00,81.98,214.31,24.00,9.00,0.57,40.00,0.87,2.00,0.09,71.30,36.00,0.55,0.03,9.20,1.00,0.86,0.52,11.60,0.13,1.00,0.05,192.00,92.61,99.72,0.05,100.00,214.31,1.00,2.00
Swaziland,SWZ,52.64,58.20,54.78,44.93,66.53,54.67,45.58,66.04,80.84,52.05,32.74,53.48,33.21,65.38,57.56,23.56,26.80,192.00,389.05,60.70,887.48,37.28,68.86,57.47,,42.00,3.97,183.78,17.40,2.50,3.00,2.50,24.20,87.47,79.74,66.03,0.99,73.20,30.38,52.37,15.97,939.50,31.10,95.62,3.70,52.93,340.98,1.00,7.00,,40.00,0.61,4.00,0.07,79.00,43.00,0.55,0.18,3.40,3.00,0.84,0.08,10.00,0.27,0.00,0.00,192.00,87.47,66.03,0.01,73.20,340.98,0.00,0.00
Sweden,SWE,89.66,95.36,90.40,83.21,99.46,99.78,88.19,94.02,95.04,92.80,80.95,92.81,93.51,87.15,78.80,73.36,5.00,8.00,4.05,3.00,18.05,100.00,100.00,99.31,0.45,100.00,6.78,0.00,0.90,1.00,2.00,1.00,2.80,,99.94,132.91,1.14,130.38,90.61,12.33,24.63,199.10,11.95,11.02,93.20,88.76,130.32,40.00,16.00,0.87,90.00,0.91,3.00,0.01,77.20,88.00,0.80,0.79,1.70,2.00,0.91,0.94,15.12,0.03,22.00,0.42,8.00,,100.00,0.14,100.00,130.32,7.00,4.00
Switzerland,CHE,90.10,96.18,91.75,82.37,99.42,99.96,91.38,93.96,98.77,92.19,83.05,92.99,90.74,89.02,75.17,74.57,5.00,8.00,5.19,3.90,13.10,100.00,100.00,99.88,0.59,100.00,6.89,0.00,0.50,1.00,2.00,1.00,3.30,,99.80,99.77,0.97,136.47,87.48,11.76,25.54,180.40,12.12,15.55,95.16,90.43,116.29,39.00,15.00,,90.00,0.93,3.00,0.01,85.70,86.00,0.70,0.78,3.80,3.00,0.93,1.10,14.42,0.06,20.00,0.46,8.00,,99.77,0.03,100.00,116.29,6.00,5.00
Tajikistan,TJK,58.87,71.91,67.97,36.74,78.36,67.83,72.92,68.52,93.58,58.74,65.89,53.68,16.35,48.02,46.83,35.78,33.20,250.00,31.98,44.80,75.07,44.77,66.72,95.03,0.68,100.00,3.68,60.59,1.40,3.00,3.00,3.00,18.80,99.78,99.30,87.89,0.90,98.59,18.98,50.34,18.40,460.30,4.95,105.26,2.25,74.20,489.26,1.00,2.00,,20.00,0.57,1.00,0.13,55.50,25.00,0.40,,7.60,4.00,0.83,0.26,11.78,0.07,0.00,0.00,250.00,99.00,87.89,0.10,98.59,489.26,0.00,0.00
Tanzania,TZA,50.21,47.45,61.35,41.84,69.96,23.51,34.52,61.80,68.75,55.34,59.09,62.21,50.86,55.35,43.03,18.13,32.10,238.00,398.13,48.70,425.59,12.59,45.55,15.55,0.32,15.30,2.94,141.08,7.90,3.00,3.00,3.00,32.90,80.36,78.05,32.26,0.91,75.86,5.36,28.65,16.37,451.20,11.14,58.97,1.44,94.34,665.78,25.00,9.00,0.56,25.00,0.77,3.00,0.20,54.90,32.00,0.51,0.09,5.40,3.00,0.64,0.03,7.06,0.28,0.00,0.00,238.00,80.36,32.26,0.09,75.86,665.78,0.00,0.00
Thailand,THA,68.51,82.12,74.12,49.28,94.99,85.01,86.76,61.73,94.86,66.87,67.31,67.45,37.30,72.02,37.51,50.30,7.40,53.00,20.29,12.30,121.24,56.57,97.99,92.97,0.88,100.00,5.06,23.39,3.90,3.00,3.00,3.00,36.20,93.98,95.89,129.00,0.94,152.73,39.32,44.53,21.05,369.20,15.83,51.37,11.52,86.08,409.54,7.00,6.00,0.48,40.00,0.91,3.00,0.11,90.60,35.00,0.23,0.32,9.00,2.00,0.90,0.54,10.09,0.16,12.00,0.14,53.00,93.98,100.00,0.06,100.00,409.54,5.00,3.00
Togo,TGO,48.21,49.40,55.86,39.37,78.44,19.68,31.84,67.65,64.63,52.30,53.77,52.73,46.98,51.37,47.65,11.49,11.40,75.00,368.24,78.40,480.92,5.47,44.21,11.62,0.41,31.46,,181.33,9.20,3.00,3.00,1.50,31.10,66.54,97.46,54.71,0.53,67.71,7.12,30.31,15.55,524.20,14.16,87.73,0.00,71.34,668.99,18.00,9.00,,30.00,0.72,4.00,0.16,34.30,32.00,0.69,0.07,4.80,4.00,0.50,0.13,4.19,0.39,0.00,0.00,75.00,66.54,54.71,0.47,67.71,668.99,0.00,0.00
Tunisia,TUN,71.09,84.00,77.26,51.99,97.54,89.22,77.51,71.73,91.41,74.24,72.72,70.68,71.74,62.60,36.92,36.71,5.00,3.00,62.02,14.00,34.86,82.01,93.20,91.59,0.29,100.00,5.06,0.41,3.10,2.00,3.00,2.50,24.40,81.05,99.68,88.20,1.05,129.91,48.52,31.60,19.66,305.20,5.05,47.86,44.10,61.04,275.80,36.00,13.00,0.74,40.00,0.60,2.00,0.02,73.00,41.00,0.61,0.04,7.90,2.00,0.70,0.52,9.10,0.35,2.00,0.19,8.00,81.05,88.20,0.05,100.00,275.80,2.00,3.00
Turkey,TUR,68.68,85.16,74.95,45.94,98.38,98.34,79.31,64.61,94.90,66.94,76.77,61.18,35.69,56.13,41.50,50.43,5.00,1.00,15.95,13.50,16.59,100.00,100.00,94.87,0.54,100.00,4.40,2.48,4.30,3.00,4.00,3.50,8.90,95.69,93.18,100.28,0.97,96.02,53.74,50.76,21.12,275.80,4.05,41.62,31.55,22.53,314.11,18.00,6.00,0.26,40.00,0.62,1.00,0.10,60.40,41.00,0.56,0.23,9.50,2.00,0.87,0.36,8.76,0.14,21.00,0.11,8.00,95.69,100.00,0.03,96.02,314.11,7.00,3.00
Uganda,UGA,49.59,52.50,57.17,39.11,73.94,36.78,36.58,62.68,68.00,48.55,54.92,57.21,41.77,47.99,36.93,29.77,25.50,172.00,343.13,54.60,449.79,5.02,75.84,19.08,0.39,18.16,3.37,158.84,11.80,3.00,3.00,3.00,27.40,73.81,84.49,26.10,0.89,50.37,19.22,32.58,17.32,560.10,15.87,102.25,0.42,93.61,523.17,11.00,9.00,0.51,25.00,0.73,2.00,0.23,46.90,25.00,0.41,0.33,9.00,2.00,0.75,0.08,6.16,0.29,1.00,0.27,172.00,73.81,26.10,0.11,50.37,523.17,1.00,4.00
Ukraine,UKR,68.35,79.91,68.62,56.53,98.47,89.12,74.74,57.32,97.52,73.84,52.73,50.37,62.99,53.56,40.52,69.07,5.00,8.00,24.45,9.00,34.16,68.56,97.78,95.94,0.34,100.00,4.35,7.09,4.40,4.00,4.00,4.00,13.50,99.76,96.52,99.24,0.98,144.02,48.88,32.93,18.34,595.30,21.20,75.94,14.13,65.58,1027.45,25.00,11.00,0.84,25.00,0.46,3.00,0.07,68.60,29.00,0.37,0.12,6.90,2.00,0.86,1.50,14.69,0.04,8.00,0.06,8.00,99.00,99.24,0.02,100.00,1027.45,4.00,2.00
United Kingdom,GBR,88.73,92.96,90.28,82.96,99.11,99.74,87.53,85.45,98.46,89.61,81.16,91.88,90.76,87.31,69.49,84.26,5.00,8.00,9.11,4.20,33.32,100.00,100.00,99.21,0.44,100.00,6.67,0.00,0.90,2.00,3.00,1.00,2.90,,99.85,127.81,1.04,124.13,92.00,21.70,24.08,243.60,7.41,22.80,96.34,98.98,237.80,40.00,14.00,0.88,90.00,0.81,4.00,0.00,92.20,81.00,0.80,0.76,5.90,2.00,0.95,0.96,14.90,0.03,147.00,0.62,8.00,,100.00,0.04,100.00,237.80,10.00,6.00
United States,USA,86.43,93.42,84.19,81.68,98.96,98.77,89.18,86.76,97.95,84.63,75.88,78.31,88.98,79.88,68.30,89.55,5.00,8.00,13.75,6.50,23.33,98.64,98.16,99.99,0.57,100.00,6.47,0.00,3.90,1.00,2.00,2.00,10.60,,98.04,97.56,1.02,117.59,74.45,22.49,23.61,299.40,12.41,18.48,50.44,79.35,392.70,36.00,16.00,0.86,80.00,0.75,3.00,0.03,85.10,74.00,0.79,0.71,5.10,2.00,0.90,1.86,15.06,0.05,329.00,0.21,8.00,,97.56,0.02,100.00,392.70,10.00,4.00
Uruguay,URY,80.09,87.22,76.51,76.54,97.86,95.80,81.21,74.02,92.49,84.52,67.92,61.09,89.54,81.29,80.18,55.17,5.00,24.00,14.81,10.10,42.98,99.35,93.86,96.44,0.30,99.50,5.90,0.74,7.80,2.00,4.00,1.00,16.60,98.44,94.61,95.07,1.11,160.21,64.60,15.88,22.05,375.10,17.63,26.61,2.15,54.32,558.30,40.00,16.00,0.88,70.00,0.88,4.00,0.11,87.10,71.00,0.73,0.74,2.70,4.00,0.90,0.28,12.08,0.09,2.00,0.73,24.00,98.44,95.07,0.11,100.00,558.30,2.00,6.00
Uzbekistan,UZB,62.02,82.58,61.34,42.12,94.76,76.79,88.08,70.70,98.04,52.06,60.06,35.22,5.31,68.00,55.78,39.39,5.00,29.00,35.93,39.10,46.44,47.37,80.91,100.00,0.85,100.00,,28.40,3.20,3.00,3.00,3.00,11.20,100.00,98.88,95.92,0.98,73.32,42.80,61.15,18.38,552.40,10.46,98.27,0.00,56.18,1706.55,0.00,0.00,0.06,15.00,0.98,1.00,0.05,82.30,21.00,0.72,,7.30,3.00,0.94,,12.97,0.01,0.00,0.00,29.00,99.00,95.92,0.02,73.32,1500.00,0.00,0.00
Yemen,YEM,43.46,54.24,52.03,24.11,78.31,43.73,45.72,49.22,64.66,43.20,53.42,46.85,26.64,41.20,23.28,5.31,26.10,182.00,385.16,41.90,94.74,40.44,46.53,53.33,0.51,48.41,1.22,71.10,6.70,3.00,5.00,5.00,21.50,69.96,85.69,48.62,0.69,67.98,25.10,67.07,16.36,715.40,7.15,127.96,0.00,47.95,332.27,2.00,5.00,,30.00,0.50,2.00,0.17,49.70,14.00,0.29,,9.50,1.00,0.77,0.11,2.35,0.48,0.00,0.00,182.00,69.96,48.62,0.31,67.98,332.27,0.00,0.00
Zimbabwe,ZWE,50.10,51.31,60.78,38.21,63.66,44.62,42.66,54.28,81.60,56.95,49.44,55.15,26.09,56.31,43.77,26.66,33.40,259.00,443.31,70.70,648.15,27.51,67.30,36.83,0.56,40.46,2.31,138.88,6.70,3.00,5.00,3.00,28.20,86.87,90.75,47.57,0.98,84.79,16.36,40.41,17.77,493.00,30.79,64.52,0.00,94.31,1050.12,12.00,8.00,0.17,10.00,0.73,3.00,0.26,85.10,22.00,0.57,0.08,7.50,3.00,0.77,0.03,10.20,0.17,0.00,0.00,259.00,86.87,47.57,0.02,84.79,1050.12,0.00,0.00
Bahrain,BHR,,,79.28,49.25,,99.74,87.45,71.60,96.97,77.38,73.08,69.69,27.24,66.93,51.94,50.91,,,15.18,6.20,26.46,100.00,100.00,99.20,0.58,97.70,6.16,0.24,0.50,2.00,4.00,3.00,8.00,95.72,,99.38,1.04,185.26,93.48,54.86,19.66,269.70,6.29,46.20,72.68,56.54,619.51,2.00,2.00,,60.00,0.88,2.00,0.04,58.10,43.00,0.75,,7.90,3.00,0.86,0.33,10.53,,2.00,0.61,,95.72,99.38,0.04,100.00,619.51,2.00,6.00
Barbados,BRB,,,76.59,,97.30,98.23,83.88,,94.92,83.00,71.08,57.37,89.73,,,33.86,5.00,21.00,27.16,13.00,62.92,98.42,99.74,96.21,,90.88,6.04,0.14,8.80,,,,6.70,,91.95,109.25,1.03,116.46,76.11,,19.76,374.00,4.63,26.62,,26.50,773.05,40.00,16.00,0.82,80.00,,4.00,,75.00,61.00,,,4.10,4.00,,0.15,11.15,0.06,0.00,0.00,21.00,,100.00,0.03,100.00,773.05,0.00,0.00
Belize,BLZ,,,66.66,,95.39,91.69,73.01,,90.43,62.81,62.08,51.32,68.35,,55.83,28.77,6.20,40.00,27.70,16.50,113.47,80.61,100.00,90.54,0.39,100.00,,21.08,34.40,,,,24.40,82.78,98.16,80.79,1.02,60.97,41.59,20.61,17.07,463.10,7.39,53.41,2.28,99.03,3574.40,36.00,15.00,0.58,35.00,0.86,4.00,,70.10,,0.49,0.22,4.10,4.00,0.75,0.20,9.78,0.16,0.00,0.00,40.00,82.78,80.79,0.02,60.97,1500.00,0.00,0.00
Bhutan,BTN,,,71.63,47.48,,72.64,80.42,89.21,80.61,67.67,72.07,66.15,61.46,73.23,48.38,6.85,,,147.89,32.90,123.24,58.19,100.00,50.40,0.86,75.56,5.76,54.79,2.70,1.00,2.00,1.00,15.10,63.91,88.98,84.20,1.07,87.03,39.80,30.73,20.49,337.20,7.18,83.37,0.00,96.34,168.22,28.00,9.00,,60.00,0.81,2.00,0.14,83.10,65.00,0.60,0.16,7.60,3.00,0.84,,3.23,0.45,0.00,0.00,,63.91,84.20,0.07,87.03,168.22,0.00,0.00
Bosnia and Herzegovina,BIH,,86.40,,44.99,99.25,94.85,75.08,76.43,,76.38,73.40,50.22,52.93,47.66,43.42,35.96,5.00,8.00,11.25,5.40,10.39,87.21,100.00,94.78,0.49,100.00,4.59,42.10,1.30,2.00,3.00,2.00,17.70,98.49,,,,90.15,65.07,28.45,20.60,337.00,5.14,48.50,0.00,36.62,784.35,21.00,10.00,0.68,20.00,0.59,4.00,0.17,27.90,39.00,0.48,0.07,7.00,3.00,0.79,,11.30,0.13,0.00,0.00,8.00,98.49,,,90.15,784.35,0.00,0.00
Burundi,BDI,,,56.12,29.85,,45.69,25.18,60.29,79.55,35.07,55.55,54.29,28.49,45.25,34.41,11.24,,,711.60,81.70,474.05,6.99,73.77,48.01,0.30,6.50,2.12,174.19,4.00,3.50,4.00,3.00,21.30,85.50,94.68,42.48,0.91,46.22,4.87,54.10,16.52,543.10,13.05,95.24,0.00,64.71,404.14,5.00,6.00,,20.00,0.43,3.00,0.10,52.80,20.00,0.58,0.03,8.10,3.00,0.56,0.04,4.23,0.37,0.00,0.00,,85.50,42.48,0.09,46.22,404.14,0.00,0.00
Cabo Verde,CPV,,,72.19,,92.51,74.08,59.78,,90.33,77.26,61.87,59.30,85.54,,,20.61,9.40,68.00,42.35,24.50,122.60,59.44,87.29,72.22,,70.56,3.31,58.51,10.60,,,,26.10,88.47,97.28,92.90,1.12,118.58,43.02,19.82,18.86,378.10,18.07,64.97,,37.03,204.55,37.00,15.00,,75.00,,4.00,,76.50,59.00,,,4.10,4.00,,,6.14,0.18,0.00,0.00,68.00,88.47,92.90,0.12,100.00,204.55,0.00,0.00
Comoros,COM,,,63.93,39.15,,57.37,50.92,,77.65,50.24,59.63,68.20,53.42,40.27,50.22,12.70,,,335.23,73.50,282.48,38.03,89.14,35.82,0.40,69.30,,122.22,7.80,,,,21.80,78.14,85.13,60.35,1.07,55.16,7.46,24.33,16.31,449.00,10.08,47.15,,68.38,397.93,24.00,10.00,,30.00,0.53,3.00,,34.00,24.00,0.65,0.08,5.00,3.00,0.72,,6.03,0.48,0.00,0.00,,78.14,60.35,0.07,55.16,397.93,0.00,0.00
"Congo, Democratic Republic of",COD,,,52.22,33.79,,19.75,24.16,40.71,64.02,38.36,57.48,49.01,29.96,38.82,48.96,17.39,,,693.35,98.30,500.09,7.86,31.21,28.65,0.37,16.40,1.63,198.53,12.50,5.00,4.00,5.00,33.20,77.22,,43.51,0.62,52.99,3.80,50.97,16.81,529.70,11.25,109.87,0.00,76.14,744.92,4.00,8.00,,10.00,0.63,4.00,0.25,19.00,21.00,0.71,0.10,9.70,4.00,0.86,0.04,6.26,0.28,0.00,0.00,,77.22,43.51,0.38,52.99,744.92,0.00,0.00
Cuba,CUB,,,67.38,,98.44,86.95,,79.17,94.76,31.74,72.77,70.27,20.86,50.22,,46.80,5.00,7.00,39.16,5.50,47.47,77.66,89.80,93.16,,100.00,,4.12,4.70,1.00,3.00,3.00,7.50,99.71,92.25,100.40,1.05,29.65,37.31,70.23,22.83,338.50,13.40,39.39,8.28,78.51,214.66,1.00,5.00,,10.00,,2.00,0.23,87.60,47.00,,,4.20,4.00,,0.76,13.19,0.11,1.00,0.05,8.00,99.00,100.00,0.05,29.65,214.66,1.00,1.00
Djibouti,DJI,,,46.41,32.44,80.42,53.66,,68.72,62.16,26.58,57.22,39.67,31.13,50.73,40.12,7.78,15.90,118.00,229.18,65.30,331.15,52.71,64.71,47.43,,53.26,,57.20,7.00,2.00,3.00,3.00,24.70,,75.80,48.27,0.82,34.94,11.92,70.90,17.61,575.30,11.86,90.74,0.00,39.20,1067.23,7.00,6.00,,25.00,0.74,3.00,,43.30,30.00,0.56,0.05,6.70,3.00,0.63,,4.05,0.47,0.00,0.00,118.00,,48.27,0.18,34.94,1067.23,0.00,0.00
Gabon,GAB,,69.40,,44.74,87.69,55.99,61.51,72.41,,67.34,58.89,64.07,42.70,49.98,56.62,29.67,5.00,18.00,290.69,50.80,312.67,64.54,66.68,41.86,0.30,89.30,2.88,40.54,9.40,2.00,3.00,2.00,22.90,83.24,,,,161.12,23.50,32.20,18.23,518.10,13.90,82.51,0.00,89.37,221.16,8.00,9.00,,40.00,0.69,4.00,0.22,37.80,35.00,0.62,0.06,4.00,4.00,0.77,0.45,10.16,0.23,0.00,0.00,18.00,83.24,,,100.00,221.16,0.00,0.00
"Gambia, The",GMB,,60.43,55.46,,80.74,61.25,43.73,55.98,67.95,60.19,59.51,34.21,24.76,42.16,,8.25,5.30,32.00,706.02,68.90,276.35,33.13,84.35,58.88,,34.53,3.47,149.21,9.40,3.50,4.00,3.00,29.40,55.57,75.97,57.45,0.95,137.85,17.12,46.53,15.31,433.00,7.96,89.23,0.40,43.63,2548.54,8.00,3.00,,25.00,,4.00,0.25,28.20,26.00,,,3.40,4.00,,0.06,3.48,,0.00,0.00,32.00,55.57,57.45,0.05,100.00,1500.00,0.00,0.00
Guinea-Bissau,GNB,,,51.84,,68.83,30.27,,58.33,58.29,52.39,48.45,48.24,45.41,43.45,,6.76,20.70,143.00,549.10,92.50,571.95,5.75,60.28,20.85,,60.61,,228.06,9.90,4.00,4.00,2.00,27.50,59.77,69.59,32.64,,69.27,3.54,29.03,15.11,696.50,13.07,107.54,0.00,87.30,964.53,16.00,10.00,,20.00,,4.00,0.22,40.40,16.00,,,5.40,4.00,,,2.36,0.40,0.00,0.00,143.00,59.77,32.64,,69.27,964.53,0.00,0.00
Guyana,GUY,,74.27,60.92,,87.90,85.06,64.08,60.04,88.25,61.64,42.07,51.72,67.49,,,29.93,10.60,74.00,228.76,39.40,153.82,67.31,98.30,83.65,,79.47,3.01,15.31,20.40,5.00,3.00,2.00,17.30,87.54,85.84,89.34,0.99,67.19,38.20,27.07,16.13,672.20,29.16,61.90,0.65,51.31,747.01,32.00,15.00,0.65,30.00,,4.00,,57.10,34.00,,,6.40,4.00,,0.02,10.85,0.10,0.00,0.00,74.00,87.54,89.34,0.01,67.19,747.01,0.00,0.00
Haiti,HTI,,43.82,,33.78,54.70,27.61,30.54,62.44,,56.21,55.93,47.33,42.18,38.35,40.11,14.47,53.40,546.00,359.32,69.00,216.14,9.80,47.61,27.60,0.17,37.90,1.59,144.91,10.00,3.00,4.00,2.50,,60.69,,,,68.84,12.20,24.66,17.64,678.90,8.70,81.31,0.00,24.41,474.87,15.00,10.00,,10.00,0.30,4.00,0.19,48.70,20.00,0.42,0.14,6.70,4.00,0.58,0.04,6.90,0.38,0.00,0.00,546.00,60.69,,,68.84,474.87,0.00,0.00
Iraq,IRQ,,70.17,57.35,,84.83,74.63,79.44,41.77,73.29,55.06,55.97,45.08,,48.20,28.33,37.79,22.80,185.00,49.60,32.00,47.90,75.16,70.13,85.61,0.38,100.00,,1.93,7.90,5.00,5.00,5.00,20.20,79.72,92.31,53.46,0.75,93.83,17.22,54.35,18.27,722.50,8.33,111.29,9.69,34.64,554.02,12.00,5.00,,,0.65,2.00,0.19,60.00,17.00,0.52,0.10,9.80,1.00,0.72,0.63,7.88,0.31,2.00,,185.00,79.72,53.46,0.25,93.83,554.02,2.00,3.00
Libya,LBY,,,64.61,35.88,,,68.75,26.39,91.47,56.37,68.14,42.45,19.87,53.97,45.50,24.17,,,9.33,13.40,40.76,,,96.56,0.35,100.00,2.85,2.10,2.50,5.00,5.00,4.50,73.40,91.39,,101.56,1.18,157.00,19.02,57.89,18.39,382.90,5.03,79.61,9.60,24.72,921.35,3.00,4.00,,10.00,0.82,2.00,0.03,43.10,14.00,0.70,,8.30,2.00,0.88,0.83,6.27,,0.00,0.00,,91.39,100.00,0.18,100.00,921.35,0.00,0.00
Luxembourg,LUX,,,91.43,82.98,99.51,99.22,89.14,,97.67,93.80,81.63,92.63,92.41,86.28,84.26,68.99,5.00,8.00,9.70,1.90,16.24,100.00,100.00,97.60,0.54,100.00,6.60,0.00,0.70,,,,8.70,,96.80,102.26,1.02,148.51,97.33,14.43,24.31,213.70,8.89,20.08,96.84,100.00,235.99,38.00,16.00,,90.00,0.87,4.00,0.01,,81.00,0.83,0.78,3.10,4.00,0.94,1.05,14.08,0.06,2.00,0.86,8.00,,100.00,0.02,100.00,235.99,2.00,6.00
Malta,MLT,,,86.65,69.97,99.07,100.00,82.51,,92.14,84.58,84.33,85.58,87.99,73.92,78.46,39.52,5.00,8.00,8.78,6.40,20.33,100.00,100.00,100.00,0.61,100.00,4.77,0.00,1.40,,,,5.10,94.07,98.69,85.78,0.91,129.30,76.18,23.84,24.22,212.70,3.82,23.49,68.49,93.98,261.90,39.00,16.00,,70.00,0.91,4.00,,71.60,55.00,0.67,0.82,3.90,4.00,0.92,0.60,11.59,0.07,0.00,0.00,8.00,94.07,85.78,0.09,100.00,261.90,0.00,0.00
Oman,OMN,,86.92,75.34,,97.20,85.51,86.44,78.53,96.26,77.73,75.40,51.98,37.12,62.61,,,5.00,33.00,17.14,11.60,59.35,74.38,86.14,96.74,,97.70,6.21,1.59,1.10,2.00,2.00,2.00,25.40,93.97,99.99,104.23,1.07,159.86,74.17,40.43,20.94,319.70,3.56,62.80,5.42,48.68,740.74,8.00,5.00,,55.00,0.91,2.00,0.04,34.20,45.00,,,3.10,4.00,,,8.19,,1.00,0.06,33.00,93.97,100.00,0.07,100.00,740.74,1.00,2.00
Papua New Guinea,PNG,,,47.57,,,17.77,,54.46,64.53,46.80,32.88,46.06,59.30,51.87,,23.08,,,214.80,57.30,277.28,9.46,32.78,18.92,,18.11,,191.82,10.40,5.00,4.00,3.00,16.80,63.43,87.16,40.35,0.76,46.65,7.90,25.81,15.04,1151.80,16.46,88.46,0.00,46.46,770.52,26.00,13.00,,20.00,,4.00,0.16,47.40,28.00,,,6.50,3.00,,0.05,6.04,0.11,0.00,0.00,,63.43,40.35,0.24,46.65,770.52,0.00,0.00
Qatar,QAT,,,82.26,55.45,,97.77,86.64,86.10,93.33,84.41,77.91,73.40,45.05,68.35,60.92,47.47,,,12.63,8.00,17.17,94.15,100.00,98.02,0.49,97.70,6.36,0.01,7.20,1.00,2.00,1.50,15.20,97.76,94.96,109.41,0.89,159.13,92.88,35.97,21.29,229.20,5.01,50.77,70.00,58.37,325.28,9.00,7.00,,65.00,0.90,2.00,0.18,62.30,61.00,0.80,,4.60,4.00,0.84,0.50,10.82,,2.00,0.43,,97.76,100.00,0.11,100.00,325.28,2.00,4.00
Singapore,SGP,,,82.97,71.06,,100.00,94.28,93.90,85.93,75.07,83.78,87.11,60.85,83.23,69.53,70.62,,,9.98,2.70,83.46,100.00,,100.00,0.75,100.00,6.81,0.00,0.30,1.00,2.00,1.00,3.60,96.77,79.06,85.53,0.97,146.53,82.10,52.96,25.48,209.20,9.06,32.45,100.00,72.26,141.59,19.00,9.00,0.54,90.00,0.86,2.00,0.00,75.10,84.00,0.66,0.25,2.80,4.00,0.92,1.73,13.83,,5.00,0.26,,96.77,85.53,0.03,100.00,141.59,3.00,4.00
Sudan,SDN,,49.88,48.65,,77.11,31.48,41.70,49.25,55.82,42.43,60.04,36.31,,27.78,28.38,12.38,24.30,176.00,310.85,70.10,119.89,24.33,50.18,23.64,0.25,32.56,,104.59,6.50,4.00,4.00,5.00,24.30,58.60,54.75,42.70,0.95,70.53,26.61,72.53,17.84,588.80,6.80,110.69,0.00,42.80,1127.11,2.00,2.00,,,0.27,2.00,0.24,32.20,14.00,0.30,0.07,9.80,2.00,0.79,0.14,5.67,0.43,0.00,0.00,176.00,58.60,42.70,0.05,70.53,1127.11,0.00,0.00
Suriname,SUR,,,72.09,57.26,92.68,78.59,72.38,,83.22,78.38,57.89,68.87,70.19,68.87,58.71,31.28,8.00,56.00,155.16,21.30,82.56,65.80,88.42,79.22,0.44,100.00,3.45,11.12,9.50,,,,19.10,95.54,94.79,81.14,1.27,136.83,42.76,16.70,19.35,420.60,24.54,40.93,,81.12,440.90,34.00,15.00,0.70,30.00,0.87,4.00,,72.00,45.00,0.67,0.36,5.80,4.00,0.75,,10.14,0.19,0.00,0.00,56.00,95.54,81.14,0.27,100.00,440.90,0.00,0.00
Timor-Leste,TLS,,58.22,,,78.66,41.97,48.42,63.84,83.12,64.72,63.37,,58.99,57.37,,15.66,26.90,184.00,214.64,52.60,137.13,24.92,60.52,40.63,,41.56,3.05,86.98,3.70,4.00,4.00,2.00,16.60,64.07,97.92,76.76,1.07,117.40,13.40,32.02,17.08,365.20,10.33,46.86,,71.39,,29.00,12.00,,20.00,,4.00,0.08,48.70,35.00,,,6.70,3.00,,,6.92,0.48,0.00,0.00,184.00,64.07,76.76,0.07,100.00,,0.00,0.00
Trinidad and Tobago,TTO,,79.72,,61.92,94.50,90.52,78.94,54.93,,82.92,59.17,59.42,75.40,67.61,65.13,39.55,7.40,55.00,62.72,20.40,51.11,83.52,95.14,91.52,0.34,99.83,5.17,0.86,25.90,5.00,4.00,2.00,14.10,98.97,98.73,,,157.67,69.20,23.29,18.28,512.90,13.86,37.67,5.00,88.51,1030.21,33.00,15.00,0.74,50.00,0.83,4.00,0.03,64.40,35.00,0.68,0.27,4.40,4.00,0.88,0.39,13.28,0.07,0.00,0.00,55.00,98.97,,,100.00,1030.21,0.00,0.00
Turkmenistan,TKM,,71.11,57.83,,93.65,44.74,77.81,68.23,93.86,45.57,56.56,35.32,9.49,58.37,59.56,,5.00,22.00,42.02,51.40,58.46,53.59,34.60,62.69,0.32,100.00,,1.02,4.30,3.00,3.00,3.00,17.40,99.69,,85.34,0.96,145.94,15.00,83.44,16.66,597.60,8.76,100.43,9.80,49.93,1680.56,0.00,1.00,,5.00,0.69,1.00,0.05,75.40,22.00,0.72,,6.80,4.00,0.91,,14.01,,0.00,0.00,22.00,99.00,85.34,0.04,100.00,1500.00,0.00,0.00
United Arab Emirates,ARE,,90.77,,56.12,98.38,93.44,90.35,80.92,,83.69,69.92,75.87,31.01,75.25,62.75,55.47,5.00,18.00,6.10,6.80,49.74,78.74,99.99,97.56,0.60,97.70,6.70,0.02,0.70,1.00,3.00,2.50,10.90,92.99,99.51,,,187.35,91.24,36.73,20.09,444.30,4.02,84.70,87.14,89.41,411.81,7.00,4.00,0.28,55.00,0.94,3.00,0.07,58.50,66.00,0.91,,3.60,3.00,0.85,0.43,13.18,,6.00,0.21,18.00,92.99,,,100.00,411.81,3.00,4.00
Vietnam,VNM,,78.82,,41.91,92.29,71.68,76.29,75.03,,59.12,73.79,61.19,23.71,66.09,49.75,28.08,11.00,83.00,54.11,21.70,69.56,27.23,96.86,77.99,0.59,99.00,4.37,37.41,1.50,2.00,2.00,3.00,24.50,94.51,99.87,,,130.64,52.72,74.27,22.53,375.50,8.61,54.66,0.15,82.37,605.85,3.00,4.00,0.39,15.00,0.85,2.00,0.10,78.20,33.00,0.45,0.20,6.20,3.00,0.87,0.22,9.65,0.18,0.00,0.00,83.00,94.51,,,100.00,605.85,0.00,0.00
West Bank and Gaza,WBG,,,,,,76.99,79.20,71.52,89.09,64.41,67.76,,,60.54,32.03,34.50,,,45.50,21.10,37.78,56.24,81.49,92.33,0.39,97.70,,2.33,0.60,3.00,3.00,3.50,5.60,96.67,92.69,83.00,1.10,77.62,57.42,42.93,,463.30,2.78,58.70,,,,4.00,6.00,,,0.60,3.00,0.06,63.20,,0.47,0.06,,1.00,0.82,,11.08,0.16,0.00,0.00,,96.67,83.00,0.10,77.62,,0.00,0.00
Zambia,ZMB,,48.01,,45.05,57.74,36.23,32.80,65.25,,56.58,47.08,54.89,49.63,60.36,48.54,21.69,47.80,405.00,224.24,64.00,666.31,15.75,51.34,43.87,0.49,22.06,2.51,187.19,5.80,3.00,3.00,3.00,24.70,85.12,89.04,,,74.47,21.00,35.08,17.69,725.10,22.32,89.23,4.20,97.06,895.08,23.00,10.00,0.48,30.00,0.79,3.00,0.19,65.90,38.00,0.56,0.09,5.40,3.00,0.76,0.04,7.75,0.22,0.00,0.00,405.00,85.12,,,74.47,895.08,0.00,0.00
American Samoa,ASM,,,,,,85.77,,,,,,,,,,,,,,,56.84,92.31,100.00,62.46,,59.33,,7.63,,,,,,,,,,,,,,,6.67,6.05,40.98,,,,,,,,,,,,,,,,,,,,0.00,0.00,,,,,,,0.00,0.00
Andorra,AND,,,,,,100.00,,,,87.42,86.21,,,,,,5.00,8.00,,2.80,19.81,100.00,100.00,100.00,,100.00,,0.00,0.00,,,,7.60,,,,,88.12,96.91,19.87,25.27,154.00,6.96,12.53,77.37,,,39.00,15.00,,,,4.00,,,,,,,4.00,,,15.13,,0.00,0.00,8.00,,,,88.12,,0.00,0.00
Antigua and Barbuda,ATG,,,,,,92.35,,,95.21,82.80,76.76,,,,,,,,,8.10,57.04,85.69,97.87,91.43,,90.88,,2.53,11.20,,,,6.70,98.95,91.31,102.71,1.02,137.22,65.20,20.81,21.70,346.20,2.15,28.27,,77.19,620.04,33.00,15.00,0.65,,,4.00,,78.00,,,,3.90,4.00,,,14.47,,0.00,0.00,,98.95,100.00,0.02,100.00,620.04,0.00,0.00
Aruba,ABW,,,,,,96.61,,,98.99,,,,,,,,,,,,,93.58,98.09,97.66,,90.88,,,3.90,,,,,97.52,99.94,111.17,1.02,135.72,88.66,,,,,,,,,,,,,,,,,,,,,,,,,,0.00,0.00,,97.52,100.00,0.02,100.00,,0.00,0.00
"Bahamas, The",BHS,,,,,,95.31,,,,,75.33,,81.33,,,,,,80.01,12.10,73.83,95.06,98.35,92.01,,100.00,,1.20,29.80,,,,13.80,,97.81,92.63,1.05,80.29,78.00,,22.54,422.30,3.35,29.56,,74.59,488.57,38.00,15.00,0.71,70.00,,3.00,,81.90,66.00,,,4.10,4.00,,,13.64,0.08,0.00,0.00,,,92.63,0.05,80.29,488.57,0.00,0.00
British Virgin Islands,VGB,,,,,,90.08,,,,,,,,,,,,,,,,75.30,94.85,97.50,,,,,8.40,,,,,,,98.73,,145.83,37.60,,,,,,6.00,,,,,,,,,,,,,,,,,,,,0.00,0.00,,,98.73,,100.00,,0.00,0.00
Brunei Darussalam,BRN,,,,,98.14,,,,98.27,71.82,74.38,,,,,,5.00,12.00,22.61,10.20,43.39,,,,,76.16,5.29,0.00,0.50,,,,6.80,96.66,99.51,96.08,1.00,108.13,71.20,53.85,21.31,362.10,4.33,11.00,,86.74,678.51,7.00,6.00,,30.00,,2.00,,,58.00,,,5.90,3.00,,0.36,14.54,,0.00,0.00,12.00,96.66,96.08,0.00,100.00,678.51,0.00,0.00
Cook Islands,COK,,,,,,92.84,,,,,,,,,,,,,,,,76.63,99.89,97.62,,,,,3.10,,,,24.20,,97.05,86.42,1.08,55.75,51.00,,20.80,,,,,,,,,,,,,,,,,,,,,,,,0.00,0.00,,,86.42,0.08,55.75,,0.00,0.00
Dominica,DMA,,,,,,81.48,,,,,72.03,69.80,76.67,,,,,,,21.20,64.38,68.35,91.81,81.12,,92.67,,7.19,8.40,,,,15.30,,99.20,100.49,0.99,106.29,67.60,,21.46,437.50,4.99,28.91,2.99,81.02,329.50,38.00,15.00,0.64,60.00,,4.00,,,59.00,,,,4.00,,,12.48,,0.00,0.00,,,100.00,0.01,100.00,329.50,0.00,0.00
Equatorial Guinea,GNQ,,,,,,35.39,,69.64,,41.98,53.45,54.28,,,,,,,341.59,94.10,410.69,10.34,31.49,74.54,,66.00,,158.20,3.40,2.00,4.00,3.00,11.40,95.20,57.25,,,66.72,21.32,66.47,16.76,576.90,15.81,92.44,1.25,91.80,803.27,1.00,4.00,,10.00,,3.00,0.26,26.10,19.00,,,6.30,4.00,,,7.28,,0.00,0.00,,95.20,,,66.72,803.27,0.00,0.00
Eritrea,ERI,,,36.32,,,26.27,,57.89,46.84,8.90,49.07,40.49,,,,,,,500.63,46.50,482.29,9.24,53.28,15.73,,36.08,,160.45,9.70,2.00,4.00,4.50,24.10,73.85,39.59,30.55,0.85,7.05,1.08,83.92,15.64,665.40,15.33,104.92,0.00,41.11,895.58,1.00,0.00,,10.00,,2.00,0.31,27.00,18.00,,,6.60,4.00,,,3.95,,0.00,0.00,,73.85,30.55,0.15,7.05,895.58,0.00,0.00
Fiji,FJI,,,,,95.63,84.46,,,,74.51,43.53,63.74,,,,37.55,5.00,30.00,30.26,22.40,102.41,68.43,91.21,91.12,,59.33,,27.35,3.00,,,,5.80,,98.03,88.67,1.11,108.20,46.33,29.37,17.16,973.30,13.69,33.33,3.90,59.23,404.15,25.00,12.00,,30.00,,3.00,0.10,64.20,,,,7.10,3.00,,0.48,12.09,0.10,0.00,0.00,30.00,,88.67,0.11,100.00,404.15,0.00,0.00
French Guiana,GUF,,,,,,80.94,,,,,,,,,,,,,,,,82.32,75.14,91.87,,,,,13.20,,,,,,,,,,,,,,,,17.16,,,,,,,,,,,,,,,,,,,,0.00,0.00,,,,,,,0.00,0.00
French Polynesia,PYF,,,,,,98.89,,,,,,,,,,,,,,,,97.73,100.00,98.49,,59.33,,,0.40,,,,,,,,,94.90,64.56,,,,,,,,,,,,,,,,,,,,,,,,,,0.00,0.00,,,,,94.90,,0.00,0.00
Greenland,GRL,,,,,,100.00,,,,,,,,,,,5.00,8.00,,,46.37,100.00,100.00,100.00,,100.00,,0.00,1.80,,,,,,,,,106.50,67.60,,,,64.62,14.87,,,,,,,,,,,,,,,,,,,,,0.00,0.00,8.00,,,,100.00,,0.00,0.00
Grenada,GRD,,,,,,93.86,,,,,63.26,,,,,,,,26.70,11.80,90.63,87.85,95.30,98.01,,90.88,,5.37,7.50,,,,,,99.64,99.18,1.00,112.25,53.81,,19.03,552.60,6.77,42.99,,48.53,1820.03,38.00,15.00,0.75,,,4.00,,78.00,56.00,,,3.80,4.00,,,11.15,,0.00,0.00,,,99.18,0.00,100.00,1500.00,0.00,0.00
Guadeloupe,GLP,,,,,,98.58,,,,,,,,,,,,,,,,98.87,99.76,96.91,,,,,7.90,,,,,96.35,,,,,,,,,,,15.76,,,,,,,,,,69.10,,,,,,,,,,0.00,0.00,,96.35,,,,,0.00,0.00
Guam,GUM,,,,,,95.91,,,,,,,,,,,,,,,49.72,97.84,99.53,89.83,,59.33,,1.87,2.50,,,,,99.79,,,,,73.14,,,,20.77,32.46,,,,,,,,,,,65.20,,,,,,,,,,0.00,0.00,,99.00,,,,,0.00,0.00
Hong Kong,HKG,,,,,,,,,,85.14,,,,84.63,,,,,,,,,,,0.38,100.00,6.79,,0.90,,,,,,,100.84,0.96,228.68,84.95,28.50,,,,,90.93,,,,12.00,0.52,90.00,0.79,4.00,0.00,87.30,77.00,0.73,0.61,,4.00,0.83,0.85,,,13.00,0.32,,,100.00,0.04,100.00,,5.00,4.00
Kiribati,KIR,,,,,90.72,39.67,,,,,38.20,,,,,,5.00,22.00,89.79,55.90,217.97,34.67,50.59,39.75,,59.33,,63.73,7.50,,,,2.90,,96.88,87.14,1.10,38.84,13.00,,16.86,1018.10,19.90,7.40,,87.32,448.45,37.00,15.00,,30.00,,4.00,,42.70,,,,,4.00,,,10.01,0.21,0.00,0.00,22.00,,87.14,0.10,38.84,448.45,0.00,0.00
"Korea, Democratic Republic of",PRK,,,,,74.45,90.87,,62.12,96.66,10.72,54.14,,,,,,41.60,343.00,82.46,24.90,39.51,88.94,99.40,81.91,,29.56,,98.85,4.70,2.00,4.00,5.00,10.70,100.00,96.45,93.40,1.01,12.88,0.00,83.76,16.98,587.50,14.72,84.96,0.00,,,0.00,0.00,,5.00,,,0.00,77.90,12.00,,,6.00,,,,11.57,,0.00,0.00,343.00,99.00,93.40,0.01,12.88,,0.00,0.00
Liechtenstein,LIE,,,,,,,,,,92.12,,,,,,,5.00,8.00,,,,,,,,100.00,,,2.70,,,,,,99.97,116.12,0.78,109.31,96.64,18.36,,,,,,,,33.00,16.00,,,,4.00,,,,,,,3.00,,,,,0.00,0.00,8.00,,100.00,0.22,100.00,,0.00,0.00
Macao,MAC,,,,,,,,,96.51,,,,,,,,,,,,,,,,,90.54,,,1.00,,,,,96.23,96.32,96.48,0.99,324.44,77.60,,,,,,,,,,,,60.00,,4.00,,,,,,,4.00,,0.67,,,1.00,0.29,,96.23,96.48,0.01,100.00,,1.00,4.00
Maldives,MDV,,,,,97.05,83.63,,,,74.85,75.15,,,,,14.88,5.20,34.00,67.68,8.60,34.64,45.67,97.92,97.94,,100.00,,5.74,0.90,,,,3.50,99.32,99.27,,,206.66,54.46,34.17,21.37,184.20,12.66,37.36,,35.92,322.19,17.00,5.00,,25.00,,1.00,,52.30,36.00,,,4.80,2.00,,0.04,7.60,0.40,0.00,0.00,34.00,99.00,,,100.00,322.19,0.00,0.00
Marshall Islands,MHL,,,,,,65.09,,,82.23,,48.23,,,,,,,,,36.00,95.18,2.89,97.65,76.86,,59.33,,31.25,4.70,,,,5.70,98.27,79.78,76.61,1.10,29.25,19.28,,18.36,856.50,15.35,49.10,0.00,,,37.00,16.00,,,,4.00,,,,,,,4.00,,,10.77,,0.00,0.00,,98.27,76.61,0.10,29.25,,0.00,0.00
Micronesia,FSM,,,,,,63.18,,,,,48.21,,,,,,,,99.57,34.70,85.46,37.21,87.37,57.08,,59.33,,46.71,4.80,,,,1.90,,84.00,,,21.54,31.50,,17.30,788.60,15.63,35.85,,,,37.00,16.00,,30.00,,4.00,,,,,,4.00,4.00,,,12.56,,0.00,0.00,,,,,21.54,,0.00,0.00
Montserrat,MSR,,,,,,92.91,,,,,,,,,,,,,,,,96.03,98.98,82.89,,,,,20.40,,,,,,96.18,102.06,1.02,96.60,54.55,,,,,,,,,,,,,,,,,,,,,,,,,,0.00,0.00,,,100.00,0.02,96.60,,0.00,0.00
New Caledonia,NCL,,,,,,97.57,,,,,,,,,,,,,,,,93.71,98.45,100.00,,59.33,,,3.30,,,,,96.94,,,,98.91,74.00,,,,,,,,,,,,,,,,,,,,,,,,,,0.00,0.00,,96.94,,,98.91,,0.00,0.00
Niue,NIU,,,,,,98.74,,,,,,,,,,,,,,,,97.81,98.57,100.00,,,,,3.10,,,,68.30,,89.48,109.64,1.10,,79.56,,18.73,,,,,,,,,,,,,,,,,,,,,,,,0.00,0.00,,,100.00,0.10,,,0.00,0.00
Northern Mariana Islands,MNP,,,,,,87.99,,,,,,,,,,,,,,,43.77,84.15,97.53,79.73,,,,7.39,,,,,,,,,,,,,,,10.57,30.28,,,,,,,,,,,,,,,,,,,,,0.00,0.00,,,,,,,0.00,0.00
Palau,PLW,,,,,,92.17,,,89.69,,,,,,,,,,,16.40,,95.26,86.01,100.00,,59.33,,,3.10,,,,4.78,99.52,80.30,95.75,0.99,,,,18.25,,,,,,963.25,37.00,16.00,,,,4.00,,,,,,,4.00,,,,0.12,0.00,0.00,,99.00,95.75,0.01,,963.25,0.00,0.00
Puerto Rico,PRI,,,,,,,79.70,,85.57,,,,,,,,,,14.47,,46.70,,,99.28,0.51,90.88,5.11,0.01,18.50,,,,,93.33,84.88,81.29,1.06,87.09,79.47,,,,7.04,27.98,,,,,16.00,,,0.82,,0.19,80.30,63.00,0.82,0.73,,,0.91,,,,1.00,0.23,,93.33,81.29,0.06,87.09,,1.00,4.00
Réunion,REU,,,,,,98.17,,,,,,,,,,,,,,,,99.13,97.80,98.24,,,,,1.80,,,,,93.24,,,,,,,,,,,,,,,,,,,,,85.20,,,,,,,0.10,,,0.00,0.00,,93.24,,,,,0.00,0.00
Samoa,WSM,,,,,96.46,92.97,,,92.80,59.68,62.37,,,,,,5.00,22.00,51.29,17.50,70.58,85.35,99.34,91.49,,100.00,,54.02,3.20,,,,15.80,99.02,99.47,84.96,1.11,62.37,25.41,18.80,19.24,518.80,10.86,7.13,,61.86,400.81,30.00,14.00,,60.00,,4.00,,36.80,52.00,,,4.50,3.00,,,13.18,,0.00,0.00,22.00,99.00,84.96,0.11,62.37,400.81,0.00,0.00
Sao Tome and Principe,STP,,,,,89.86,57.77,,,88.60,,64.55,,,,,,6.60,40.00,156.11,47.30,197.87,33.09,93.64,34.71,,60.46,,155.78,3.40,,,,31.10,91.75,95.72,86.19,1.13,65.09,25.82,,18.30,526.80,3.49,58.90,,1.47,394.89,34.00,15.00,,25.00,,4.00,,52.50,46.00,,,4.50,4.00,,,6.35,0.21,0.00,0.00,40.00,91.75,86.19,0.13,65.09,394.89,0.00,0.00
Seychelles,SYC,,,,,,95.79,,,92.54,77.18,67.21,,,,,,,,,13.60,100.29,93.74,95.73,98.40,,100.00,4.79,1.50,2.10,,,,8.60,95.32,99.36,81.60,1.07,158.12,58.12,30.60,19.53,418.70,8.44,34.59,,80.99,680.28,28.00,12.00,,50.00,,4.00,,,55.00,,,4.50,4.00,,,11.60,,0.00,0.00,,95.32,81.60,0.07,100.00,680.28,0.00,0.00
Solomon Islands,SLB,,,,,90.44,46.59,,,,,37.32,55.78,,,,,11.30,70.00,114.00,28.10,140.68,26.15,77.18,29.79,,22.81,,149.38,3.80,,,,19.20,,80.74,48.44,0.94,72.66,10.00,,17.04,1091.90,18.10,39.07,0.00,39.97,567.33,27.00,14.00,,30.00,,4.00,,53.60,42.00,,,6.50,4.00,,,7.85,0.23,0.00,0.00,70.00,,48.44,0.06,72.66,567.33,0.00,0.00
Somalia,SOM,,,,,,10.99,,40.60,,32.16,50.35,,,50.25,,,,,731.88,136.80,756.48,20.37,8.79,23.54,0.58,32.71,,220.98,5.60,5.00,5.00,5.00,25.40,,,7.35,0.46,52.47,1.76,65.35,16.34,720.80,12.32,75.96,,20.91,,0.00,3.00,,,0.91,3.00,0.22,45.30,10.00,0.55,,9.40,2.00,0.59,,1.98,0.44,0.00,0.00,,,7.35,0.54,52.47,,0.00,0.00
South Sudan,SSD,,,,,,23.02,,,16.48,,54.73,,,,29.33,,,,789.21,92.60,698.96,1.80,56.87,6.72,0.19,5.06,,183.17,13.90,5.00,5.00,5.00,,31.98,30.26,9.52,0.54,,,44.87,16.53,596.40,11.70,86.20,,,,-2.00,4.00,,,0.42,3.00,,14.00,11.00,0.59,0.05,9.90,3.00,0.53,,1.19,0.40,0.00,0.00,,31.98,9.52,0.46,,,0.00,0.00
St. Kitts and Nevis,KNA,,,,,,92.84,,,,,,,,,,,,,,10.50,,91.70,98.30,87.27,,90.88,,,33.60,,,,17.20,,83.89,90.39,1.05,131.84,75.70,,18.82,,,,,,315.02,36.00,15.00,0.74,,,4.00,,,,,,,4.00,,,,,0.00,0.00,,,90.39,0.05,100.00,315.02,0.00,0.00
St. Lucia,LCA,,,,,,91.50,,,,,71.97,,82.87,,,,,,47.82,14.30,57.96,87.50,95.61,90.54,,90.88,,7.54,21.60,,,,18.10,,94.84,85.14,0.99,101.52,52.35,,21.28,398.20,6.63,30.60,,,615.64,39.00,15.00,0.74,70.00,,4.00,,74.30,60.00,,,,4.00,,,11.94,0.09,0.00,0.00,,,85.14,0.01,100.00,615.64,0.00,0.00
St. Vincent and the Grenadines,VCT,,,,,95.31,84.80,,,,,64.78,,82.16,,,,6.20,45.00,44.75,18.30,74.95,80.92,95.06,76.14,,75.91,,7.91,25.60,,,,8.20,,99.85,106.44,0.97,103.65,51.77,,20.07,535.30,8.30,40.70,,,308.51,37.00,15.00,0.75,70.00,,4.00,,79.30,60.00,,,,4.00,,,11.15,,0.00,0.00,45.00,,100.00,0.03,100.00,308.51,0.00,0.00
Taiwan,TWN,,,,,,,,,,84.87,,,,,,,,,,,39.86,,,,0.56,,5.98,0.00,3.00,2.00,2.00,1.50,,,,,,127.30,78.04,24.37,,281.10,13.47,34.33,7.08,76.61,,37.00,16.00,,70.00,0.69,4.00,,,61.00,0.77,0.45,,4.00,0.87,1.09,14.04,,36.00,,,,,,100.00,,8.00,
Tonga,TON,,,,,,91.01,,,94.08,66.34,61.81,,,,,,,,123.95,16.70,87.35,78.24,99.61,91.02,,95.86,,43.42,0.10,,,,7.60,99.40,98.61,90.10,1.09,69.09,45.00,21.24,18.83,582.50,7.14,8.35,,79.33,729.97,30.00,12.00,,25.00,,4.00,,48.30,,,,,4.00,,0.21,12.18,,0.00,0.00,,99.00,90.10,0.09,69.09,729.97,0.00,0.00
Turks and Caicos Islands,TCA,,,,,,68.45,,,,,,,,,,,,,,,,28.20,87.03,81.40,,90.88,,,6.60,,,,,,,,,,,,,,,,,,,,,,,,,,,,,,,,,,,,0.00,0.00,,,,,,,0.00,0.00
Tuvalu,TUV,,,,,,92.36,,,,,,,,,,,,,,27.10,,96.85,97.03,83.31,,44.56,,,20.30,,,,,,98.89,86.16,1.28,40.34,42.70,,16.24,,,,,,,37.00,16.00,,,,3.00,,,,,,,3.00,,,,0.10,0.00,0.00,,,86.16,0.28,40.34,,0.00,0.00
Vanuatu,VUT,,,,,93.40,65.39,,,,,42.56,,,,,,6.40,41.00,78.41,27.50,134.95,34.71,92.92,57.95,,27.08,,129.56,2.90,,,,16.60,85.06,,54.00,1.05,66.25,22.35,,18.21,977.90,18.59,48.52,,50.35,1011.51,32.00,15.00,,40.00,,4.00,,58.20,,,,,4.00,,,8.94,0.17,0.00,0.00,41.00,85.06,54.00,0.05,66.25,1011.51,0.00,0.00
Venezuela,VEN,,,,,,,,,,,,,30.50,,,,,,,,,,,,0.17,,1.80,,,5.00,5.00,3.50,,,,,,,,44.77,,,,,,95.73,,11.00,8.00,0.35,5.00,0.44,,,77.80,17.00,0.63,0.47,7.40,,0.90,,,,5.00,0.06,,,,,,,3.00,2.00
Virgin Islands (U.S.),VIR,,,,,,84.99,,,,,,,,,,,,,,,36.50,48.94,100.00,96.40,,90.88,,0.53,52.60,,,,,,,,,,54.84,,,,6.86,37.12,,,,,,,,,,,78.80,,,,,,,,,,0.00,0.00,,,,,,,0.00,0.00
Anguilla,AIA,,,,,,,,,,,,,,,,,,,,,,58.10,,97.86,,,,,7.50,,,,,,,,,177.91,75.98,,,,,,,,,,,,,,,,,,,,,,,,,,0.00,0.00,,,,,100.00,,0.00,0.00
Bermuda,BMU,,,,,,,,,,,,,,,,,5.00,8.00,,,40.18,,,,,100.00,,1.91,4.80,,,,,,83.48,71.54,1.12,57.95,98.32,,,,4.81,19.37,0.25,,,,,,,,,,,,,,,,,,,,0.00,0.00,8.00,,71.54,0.12,57.95,,0.00,0.00
Cayman Islands,CYM,,,,,,,,,,,,,,,,,,,,,,91.10,,95.55,,90.88,,,14.70,,,,,98.87,,,,155.49,77.00,,,,,,,,,,,,,,,,,,,,,,,,,,0.00,0.00,,98.87,,,100.00,,0.00,0.00
Channel Islands,CHI,,,,,,,,,,,,,,,,,,,,,,,,,,100.00,,,,,,,,,,,,,,,,,,,,,,,,,,,,,,,,,,,,,,,0.00,0.00,,,,,,,0.00,0.00
Curaçao,CUW,,,,,,,,,,,,,,,,,,,,,,,,,,90.88,,,,,,,,,,88.35,1.05,,,,,,,,,,,,,,,,,,,,,,,,,,,,0.00,0.00,,,88.35,0.05,,,0.00,0.00
Falkland Islands,FLK,,,,,,,,,,,,,,,,,,,,,,,,,,,,,,,,,,,,,,163.51,98.31,,,,,,,,,,,,,,,,,,,,,,,,,,0.00,0.00,,,,,100.00,,0.00,0.00
Faroe Islands,FRO,,,,,,,,,,,,,,,,,5.00,8.00,,,,,,,,100.00,,,,,,,,,,,,107.51,94.20,,,,,,,,,,,,,,,,,,,,,,,,,,0.00,0.00,8.00,,,,100.00,,0.00,0.00
Gibraltar,GIB,,,,,,,,,,,,,,,,,5.00,8.00,,,,,,,,,,,,,,,,,,,,141.18,65.02,,,,,,,,,,,,,,,,,,,,,,,,,,0.00,0.00,8.00,,,,100.00,,0.00,0.00
Guernsey,GGY,,,,,,,,,,,,,,,,,,,,,,,,,,,,,,,,,,,,,,,83.63,,,,,,,,,,,,,,,,,,,,,,,,,,0.00,0.00,,,,,,,0.00,0.00
Jersey,JEY,,,,,,,,,,,,,,,,,,,,,,,,,,,,,,,,,,,,,,,41.03,,,,,,,,,,,,,,,,,,,,,,,,,,0.00,0.00,,,,,,,0.00,0.00
Kosovo,KSV,,,,,,,,,,,,,,,,,,,,,,,,,0.84,100.00,,,2.20,3.00,3.00,2.00,,,,,,,,30.50,,,,,,,,24.00,9.00,,30.00,0.78,3.00,,,36.00,0.46,0.04,,2.00,0.81,,,,0.00,0.00,,,,,,,0.00,0.00
Martinique,MTQ,,,,,,,,,,,,,,,,,,,,,,,99.80,91.66,,,,,2.80,,,,,96.74,,,,,,,,,,,21.47,,,,,,,,,,71.40,,,,,,,,,,0.00,0.00,,96.74,,,,,0.00,0.00
Mayotte,MYT,,,,,,,,,,,,,,,,,,,,,,,,,,,,,5.90,,,,,,,,,,,,,,,,,,,,,,,,,,,,,,,,,,,,0.00,0.00,,,,,,,0.00,0.00
Monaco,MCO,,,,,,,,,,,,,,,,,5.00,8.00,,3.50,,100.00,,100.00,,100.00,,,0.00,,,,0.00,,,,,88.78,93.36,,25.42,,,,100.00,,,27.00,16.00,,,,4.00,,,,,,,4.00,,,,,0.00,0.00,8.00,,,,88.78,,0.00,0.00
Nauru,NRU,,,,,,,,,,,,,,,,,,,,,,68.44,,65.60,,,,,1.30,,,,,,88.09,82.64,1.02,67.78,54.00,,23.21,,,,,,,35.00,13.00,,,,4.00,,,,,,,4.00,,,,,0.00,0.00,,,82.64,0.02,67.78,,0.00,0.00
North Cyprus,NCY,,,,,,,,,,,,,,,,,,,,,,,,,0.73,,,,,,,,,,,,,,,29.54,,,,,,,,,14.00,,,0.79,4.00,,,,0.62,0.36,,4.00,0.81,,,,0.00,0.00,,,,,,,0.00,0.00
San Marino,SMR,,,,,,,,,,,,,,,,,5.00,8.00,,2.90,,,,,,100.00,,,0.00,,,,3.20,,93.12,94.65,1.03,115.16,49.60,,25.01,,,,,,,38.00,15.00,,,,4.00,,,,,,,4.00,,,,,0.00,0.00,8.00,,94.65,0.03,100.00,,0.00,0.00
Somaliland,SML,,,,,,,,,,,,,,,,,,,,,,,,,0.52,,,,,,,,,,,,,,,,,,,,,,,,7.00,,,0.76,,,,,0.64,,,,0.79,,,,0.00,0.00,,,,,,,0.00,0.00
St. Helena,SHN,,,,,,,,,,,,,,,,,,,,,,,,,,,,,,,,,,,,,,30.72,37.60,,,,,,,,,,,,,,,,,,,,,,,,,,0.00,0.00,,,,,30.72,,0.00,0.00
St. Martin,MAF,,,,,,,,,,,,,,,,,,,,,,,,,,90.88,,,,,,,,,,,,,,,,,,,,,,,,,,,,,,,,,,,,,,,0.00,0.00,,,,,,,0.00,0.00
St. Pierre and Miquelon,SPM,,,,,,,,,,,,,,,,,5.00,8.00,,,,,,,,,,,15.90,,,,,,,,,,,,,,,,,,,,,,,,,,,,,,,,,,,,0.00,0.00,8.00,,,,,,0.00,0.00
Syria,SYR,,,,,,,,,,,,,,,,,,,,,,,,,,,,,,5.00,5.00,5.00,,,,,,,,81.35,,,,,,31.17,,-3.00,2.00,,10.00,,,,57.30,13.00,,,10.00,,,,,,0.00,0.00,,,,,,,0.00,0.00
Tokelau,TKL,,,,,,,,,,,,,,,,,,,,,,,100.00,90.45,,,,,,,,,,,,,,,,,,,,,,,,,,,,,,,,,,,,,,,,,0.00,0.00,,,,,,,0.00,0.00
Vatican City,VAT,,,,,,,,,,,,,,,,,5.00,8.00,,,,,,,,,,,,,,,,,,,,,,,,,,,,,,,,,,,,,,,,,,,,,,,0.00,0.00,8.00,,,,,,0.00,0.00
Wallis and Futuna Islands,WLF,,,,,,,,,,,,,,,,,,,,,,,,,,,,,,,,,,,,,,0.00,8.95,,,,,,,,,,,,,,,,,,,,,,,,,,0.00,0.00,,,,,0.00,,0.00,0.00
Western Sahara,ESH,,,,,,,,,,,,,,,,,,,,,,,,,,,,,,,,,,,,,,,,,,,,,,,,,3.00,,,,2.00,,,,,,,4.00,,,,,0.00,0.00,,,,,,,0.00,0.00